BMI_CLASS,UNIT_NUM,STUB_NAME_NUM,STUB_LABEL_NUM,YEAR_NUM,AGE_NUM,ESTIMATE,SE,FLAG
1,1,1,1.1,1,1.0,41.6,0.8,0
1,1,1,1.1,2,1.0,33.0,0.8,0
1,1,1,1.1,3,1.0,32.3,0.7,0
1,1,1,1.1,4,1.0,31.6,0.8,0
1,1,1,1.1,5,1.0,30.8,0.7,0
1,1,1,1.1,6,1.0,29.8,0.7,0
1,1,1,1.1,7,1.0,29.6,0.9,0
1,1,1,1.1,8,1.0,28.9,0.8,0
1,1,1,1.1,9,1.0,27.7,0.9,0
1,1,1,1.1,10,1.0,26.0,1.0,1
1,1,2,2.1,1,1.0,37.9,1.0,0
1,1,2,2.1,2,1.0,30.2,0.9,0
1,1,2,2.1,3,1.0,28.3,0.9,0
1,1,2,2.1,4,1.0,26.6,1.0,0
1,1,2,2.1,5,1.0,26.1,0.8,0
1,1,2,2.1,6,1.0,25.7,1.0,0
1,1,2,2.1,7,1.0,26.2,1.2,0
1,1,2,2.1,8,1.0,26.0,0.9,0
1,1,2,2.1,9,1.0,24.2,0.9,0
1,1,2,2.1,10,1.0,22.5,1.1,1
1,1,2,2.2,1,1.0,45.0,1.0,0
1,1,2,2.2,2,1.0,35.7,1.2,0
1,1,2,2.2,3,1.0,36.1,1.2,0
1,1,2,2.2,4,1.0,36.5,1.2,0
1,1,2,2.2,5,1.0,35.2,1.0,0
1,1,2,2.2,6,1.0,33.7,0.9,0
1,1,2,2.2,7,1.0,32.8,1.0,0
1,1,2,2.2,8,1.0,31.7,1.0,0
1,1,2,2.2,9,1.0,31.0,1.2,0
1,1,2,2.2,10,1.0,29.4,1.2,1
1,1,3,3.11,1,1.0,43.1,1.0,0
1,1,3,3.11,2,1.0,34.6,1.1,0
1,1,3,3.11,3,1.0,33.9,0.9,0
1,1,3,3.11,4,1.0,33.2,1.1,0
1,1,3,3.11,5,1.0,32.1,1.0,0
1,1,3,3.11,6,1.0,31.4,1.0,0
1,1,3,3.11,7,1.0,31.2,1.2,0
1,1,3,3.11,8,1.0,30.0,1.1,0
1,1,3,3.11,9,1.0,28.8,0.9,0
1,1,3,3.11,10,1.0,27.8,1.2,1
1,1,4,3.111,1,1.0,37.3,1.1,0
1,1,4,3.111,2,1.0,29.6,1.2,0
1,1,4,3.111,3,1.0,28.0,1.1,0
1,1,4,3.111,4,1.0,26.8,1.2,0
1,1,4,3.111,5,1.0,26.0,1.0,0
1,1,4,3.111,6,1.0,25.5,1.4,0
1,1,4,3.111,7,1.0,26.2,1.5,0
1,1,4,3.111,8,1.0,25.6,1.2,0
1,1,4,3.111,9,1.0,23.6,1.0,0
1,1,4,3.111,10,1.0,23.4,1.4,1
1,1,4,3.112,1,1.0,48.7,1.3,0
1,1,4,3.112,2,1.0,39.5,1.6,0
1,1,4,3.112,3,1.0,39.8,1.5,0
1,1,4,3.112,4,1.0,39.6,1.7,0
1,1,4,3.112,5,1.0,37.8,1.6,0
1,1,4,3.112,6,1.0,36.9,1.3,0
1,1,4,3.112,7,1.0,36.0,1.4,0
1,1,4,3.112,8,1.0,34.3,1.4,0
1,1,4,3.112,9,1.0,33.8,1.4,0
1,1,4,3.112,10,1.0,31.9,1.7,1
1,1,3,3.12,1,1.0,33.9,0.9,0
1,1,3,3.12,2,1.0,27.6,1.0,0
1,1,3,3.12,3,1.0,24.2,1.1,0
1,1,3,3.12,4,1.0,22.7,1.1,0
1,1,3,3.12,5,1.0,23.3,1.0,0
1,1,3,3.12,6,1.0,22.7,0.8,0
1,1,3,3.12,7,1.0,21.7,0.9,0
1,1,3,3.12,8,1.0,22.0,1.0,0
1,1,3,3.12,9,1.0,22.5,1.1,0
1,1,3,3.12,10,1.0,22.4,1.1,1
1,1,4,3.121,1,1.0,40.1,1.2,0
1,1,4,3.121,2,1.0,34.7,1.8,0
1,1,4,3.121,3,1.0,30.8,2.0,0
1,1,4,3.121,4,1.0,27.0,2.0,0
1,1,4,3.121,5,1.0,26.7,1.6,0
1,1,4,3.121,6,1.0,28.5,1.1,0
1,1,4,3.121,7,1.0,28.0,1.1,0
1,1,4,3.121,8,1.0,29.0,1.3,0
1,1,4,3.121,9,1.0,28.4,1.6,0
1,1,4,3.121,10,1.0,26.4,1.7,1
1,1,4,3.122,1,1.0,29.2,1.2,0
1,1,4,3.122,2,1.0,21.6,1.4,0
1,1,4,3.122,3,1.0,18.9,1.5,0
1,1,4,3.122,4,1.0,19.2,1.5,0
1,1,4,3.122,5,1.0,20.4,1.3,0
1,1,4,3.122,6,1.0,17.9,1.1,0
1,1,4,3.122,7,1.0,16.4,1.1,0
1,1,4,3.122,8,1.0,16.0,1.2,0
1,1,4,3.122,9,1.0,17.6,1.2,0
1,1,4,3.122,10,1.0,19.2,1.2,1
1,1,3,3.13,1,1.0,0.0,0.0,2
1,1,3,3.13,2,1.0,0.0,0.0,2
1,1,3,3.13,3,1.0,0.0,0.0,2
1,1,3,3.13,4,1.0,0.0,0.0,2
1,1,3,3.13,5,1.0,0.0,0.0,2
1,1,3,3.13,6,1.0,0.0,0.0,2
1,1,3,3.13,7,1.0,0.0,0.0,2
1,1,3,3.13,8,1.0,55.7,1.3,0
1,1,3,3.13,9,1.0,53.8,1.2,0
1,1,3,3.13,10,1.0,48.1,1.3,1
1,1,4,3.131,1,1.0,0.0,0.0,2
1,1,4,3.131,2,1.0,0.0,0.0,2
1,1,4,3.131,3,1.0,0.0,0.0,2
1,1,4,3.131,4,1.0,0.0,0.0,2
1,1,4,3.131,5,1.0,0.0,0.0,2
1,1,4,3.131,6,1.0,0.0,0.0,2
1,1,4,3.131,7,1.0,0.0,0.0,2
1,1,4,3.131,8,1.0,50.2,2.2,0
1,1,4,3.131,9,1.0,47.4,1.9,0
1,1,4,3.131,10,1.0,41.9,1.7,1
1,1,4,3.132,1,1.0,0.0,0.0,2
1,1,4,3.132,2,1.0,0.0,0.0,2
1,1,4,3.132,3,1.0,0.0,0.0,2
1,1,4,3.132,4,1.0,0.0,0.0,2
1,1,4,3.132,5,1.0,0.0,0.0,2
1,1,4,3.132,6,1.0,0.0,0.0,2
1,1,4,3.132,7,1.0,0.0,0.0,2
1,1,4,3.132,8,1.0,60.5,1.7,0
1,1,4,3.132,9,1.0,59.3,1.7,0
1,1,4,3.132,10,1.0,53.7,1.8,1
1,1,3,3.24,1,1.0,0.0,0.0,2
1,1,3,3.24,2,1.0,0.0,0.0,2
1,1,3,3.24,3,1.0,0.0,0.0,2
1,1,3,3.24,4,1.0,0.0,0.0,2
1,1,3,3.24,5,1.0,0.0,0.0,2
1,1,3,3.24,6,1.0,21.1,1.1,0
1,1,3,3.24,7,1.0,21.0,1.0,0
1,1,3,3.24,8,1.0,20.9,1.2,0
1,1,3,3.24,9,1.0,18.8,1.1,0
1,1,3,3.24,10,1.0,16.5,0.8,1
1,1,4,3.241,1,1.0,0.0,0.0,2
1,1,4,3.241,2,1.0,0.0,0.0,2
1,1,4,3.241,3,1.0,0.0,0.0,2
1,1,4,3.241,4,1.0,0.0,0.0,2
1,1,4,3.241,5,1.0,0.0,0.0,2
1,1,4,3.241,6,1.0,19.0,1.4,0
1,1,4,3.241,7,1.0,19.3,1.4,0
1,1,4,3.241,8,1.0,19.5,1.5,0
1,1,4,3.241,9,1.0,17.5,1.3,0
1,1,4,3.241,10,1.0,13.7,1.0,1
1,1,4,3.242,1,1.0,0.0,0.0,2
1,1,4,3.242,2,1.0,0.0,0.0,2
1,1,4,3.242,3,1.0,0.0,0.0,2
1,1,4,3.242,4,1.0,0.0,0.0,2
1,1,4,3.242,5,1.0,0.0,0.0,2
1,1,4,3.242,6,1.0,23.5,1.2,0
1,1,4,3.242,7,1.0,22.9,1.1,0
1,1,4,3.242,8,1.0,22.3,1.6,0
1,1,4,3.242,9,1.0,20.4,1.6,0
1,1,4,3.242,10,1.0,19.6,1.3,1
1,1,3,3.25,1,1.0,30.1,1.0,0
1,1,3,3.25,2,1.0,26.9,1.5,0
1,1,3,3.25,3,1.0,25.9,2.0,0
1,1,3,3.25,4,1.0,24.4,1.5,0
1,1,3,3.25,5,1.0,22.7,1.3,0
1,1,3,3.25,6,1.0,19.6,1.2,0
1,1,3,3.25,7,1.0,19.0,1.4,0
1,1,3,3.25,8,1.0,17.7,1.3,0
1,1,3,3.25,9,1.0,15.9,1.2,0
1,1,3,3.25,10,1.0,14.6,1.2,1
1,1,4,3.251,1,1.0,30.2,1.0,0
1,1,5,5.1,4,1.0,32.1,1.8,0
1,1,4,3.251,2,1.0,26.5,1.8,0
1,1,4,3.251,3,1.0,25.3,2.2,0
1,1,4,3.251,4,1.0,23.8,1.9,0
1,1,4,3.251,5,1.0,21.8,1.7,0
1,1,4,3.251,6,1.0,18.5,1.6,0
1,1,4,3.251,7,1.0,17.5,1.8,0
1,1,4,3.251,8,1.0,16.5,1.7,0
1,1,4,3.251,9,1.0,16.9,1.4,0
1,1,4,3.251,10,1.0,13.9,1.5,1
1,1,4,3.252,1,1.0,29.8,1.6,0
1,1,4,3.252,2,1.0,27.5,1.9,0
1,1,4,3.252,3,1.0,26.5,2.3,0
1,1,4,3.252,4,1.0,25.1,1.7,0
1,1,4,3.252,5,1.0,24.1,1.6,0
1,1,4,3.252,6,1.0,21.3,1.3,0
1,1,4,3.252,7,1.0,20.9,1.3,0
1,1,4,3.252,8,1.0,19.1,1.8,0
1,1,4,3.252,9,1.0,15.0,1.8,0
1,1,4,3.252,10,1.0,15.5,2.1,1
1,1,5,5.1,1,1.0,37.5,1.6,0
1,1,5,5.1,2,1.0,32.7,1.7,0
1,1,5,5.1,3,1.0,34.3,1.9,0
1,1,5,5.1,5,1.0,29.1,1.3,0
1,1,5,5.1,6,1.0,27.3,1.4,0
1,1,5,5.1,7,1.0,27.3,1.3,0
1,1,5,5.1,8,1.0,28.1,1.3,0
1,1,5,5.1,9,1.0,26.4,1.5,0
1,1,5,5.1,10,1.0,24.3,1.5,1
1,1,5,5.2,1,1.0,39.3,1.4,0
1,1,5,5.2,2,1.0,30.5,1.5,0
1,1,5,5.2,3,1.0,31.9,1.2,0
1,1,5,5.2,4,1.0,31.3,1.3,0
1,1,5,5.2,5,1.0,28.3,1.5,0
1,1,5,5.2,6,1.0,27.6,1.4,0
1,1,5,5.2,7,1.0,26.5,1.4,0
1,1,5,5.2,8,1.0,24.6,1.1,0
1,1,5,5.2,9,1.0,24.4,1.1,0
1,1,5,5.2,10,1.0,25.4,1.5,1
1,1,5,5.3,1,1.0,41.8,1.2,0
1,1,5,5.3,2,1.0,29.6,1.5,0
1,1,5,5.3,3,1.0,29.4,1.4,0
1,1,5,5.3,4,1.0,29.7,1.4,0
1,1,5,5.3,5,1.0,30.0,1.3,0
1,1,5,5.3,6,1.0,29.7,1.1,0
1,1,5,5.3,7,1.0,30.0,1.3,0
1,1,5,5.3,8,1.0,27.5,1.4,0
1,1,5,5.3,9,1.0,26.0,1.3,0
1,1,5,5.3,10,1.0,24.6,1.4,1
1,1,5,5.4,1,1.0,45.5,1.7,0
1,1,5,5.4,2,1.0,36.5,1.2,0
1,1,5,5.4,3,1.0,35.1,1.2,0
1,1,5,5.4,4,1.0,33.7,1.6,0
1,1,5,5.4,5,1.0,33.5,1.5,0
1,1,5,5.4,6,1.0,32.1,1.4,0
1,1,5,5.4,7,1.0,32.0,1.6,0
1,1,5,5.4,8,1.0,33.4,1.4,0
1,1,5,5.4,9,1.0,31.6,1.7,0
1,1,5,5.4,10,1.0,27.6,1.7,1
1,2,1,1.1,1,1.0,42.6,0.8,0
1,2,1,1.1,2,1.0,32.9,0.8,0
1,2,1,1.1,3,1.0,32.2,0.7,0
1,2,1,1.1,4,1.0,31.4,0.8,0
1,2,1,1.1,5,1.0,30.5,0.7,0
1,2,1,1.1,6,1.0,29.6,0.8,0
1,2,1,1.1,7,1.0,29.2,1.0,0
1,2,1,1.1,8,1.0,28.6,0.8,0
1,2,1,1.1,9,1.0,27.4,0.8,0
1,2,1,1.1,10,1.0,25.9,0.9,1
1,2,2,2.1,1,1.0,39.4,1.0,0
1,2,2,2.1,2,1.0,30.4,0.9,0
1,2,2,2.1,3,1.0,28.4,0.9,0
1,2,2,2.1,4,1.0,26.6,1.0,0
1,2,2,2.1,5,1.0,26.1,0.9,0
1,2,2,2.1,6,1.0,25.8,1.0,0
1,2,2,2.1,7,1.0,26.2,1.2,0
1,2,2,2.1,8,1.0,26.2,1.0,0
1,2,2,2.1,9,1.0,24.4,0.9,0
1,2,2,2.1,10,1.0,22.7,1.1,1
1,2,2,2.2,1,1.0,45.7,1.0,0
1,2,2,2.2,2,1.0,35.4,1.2,0
1,2,2,2.2,3,1.0,35.8,1.2,0
1,2,2,2.2,4,1.0,35.9,1.2,0
1,2,2,2.2,5,1.0,34.8,1.0,0
1,2,2,2.2,6,1.0,33.2,0.9,0
1,2,2,2.2,7,1.0,31.9,1.0,0
1,2,2,2.2,8,1.0,31.0,1.0,0
1,2,2,2.2,9,1.0,30.3,1.1,0
1,2,2,2.2,10,1.0,28.8,1.2,1
1,2,3,3.11,1,1.0,43.6,1.0,0
1,2,3,3.11,2,1.0,34.0,1.1,0
1,2,3,3.11,3,1.0,33.2,0.9,0
1,2,3,3.11,4,1.0,32.3,1.1,0
1,2,3,3.11,5,1.0,31.3,1.0,0
1,2,3,3.11,6,1.0,30.4,1.0,0
1,2,3,3.11,7,1.0,30.0,1.2,0
1,2,3,3.11,8,1.0,29.0,1.0,0
1,2,3,3.11,9,1.0,27.8,0.8,0
1,2,3,3.11,10,1.0,26.8,1.1,1
1,2,4,3.111,1,1.0,38.2,1.2,0
1,2,4,3.111,2,1.0,29.2,1.2,0
1,2,4,3.111,3,1.0,27.4,1.0,0
1,2,4,3.111,4,1.0,26.2,1.2,0
1,2,4,3.111,5,1.0,25.4,1.0,0
1,2,4,3.111,6,1.0,24.8,1.3,0
1,2,4,3.111,7,1.0,25.6,1.5,0
1,2,4,3.111,8,1.0,25.1,1.2,0
1,2,4,3.111,9,1.0,23.2,1.0,0
1,2,4,3.111,10,1.0,22.8,1.4,1
1,2,4,3.112,1,1.0,48.8,1.2,0
1,2,4,3.112,2,1.0,38.7,1.7,0
1,2,4,3.112,3,1.0,38.8,1.6,0
1,2,4,3.112,4,1.0,38.2,1.7,0
1,2,4,3.112,5,1.0,36.9,1.5,0
1,2,4,3.112,6,1.0,35.7,1.3,0
1,2,4,3.112,7,1.0,34.2,1.3,0
1,2,4,3.112,8,1.0,32.8,1.2,0
1,2,4,3.112,9,1.0,32.1,1.2,0
1,2,4,3.112,10,1.0,30.6,1.5,1
1,2,3,3.12,1,1.0,35.9,1.0,0
1,2,3,3.12,2,1.0,28.2,1.0,0
1,2,3,3.12,3,1.0,24.8,1.1,0
1,2,5,5.3,2,1.0,29.7,1.6,0
1,2,3,3.12,4,1.0,22.7,1.1,0
1,2,3,3.12,5,1.0,23.5,1.0,0
1,2,3,3.12,6,1.0,23.0,0.9,0
1,2,3,3.12,7,1.0,21.7,1.0,0
1,2,3,3.12,8,1.0,21.9,1.0,0
1,2,3,3.12,9,1.0,22.8,1.1,0
1,2,3,3.12,10,1.0,22.8,1.0,1
1,2,4,3.121,1,1.0,41.5,1.2,0
1,2,4,3.121,2,1.0,35.9,1.8,0
1,2,4,3.121,3,1.0,31.5,2.0,0
1,2,4,3.121,4,1.0,27.1,2.1,0
1,2,4,3.121,5,1.0,27.4,1.7,0
1,2,4,3.121,6,1.0,29.4,1.2,0
1,2,4,3.121,7,1.0,28.5,1.2,0
1,2,4,3.121,8,1.0,29.3,1.2,0
1,2,4,3.121,9,1.0,29.2,1.6,0
1,2,4,3.121,10,1.0,27.3,1.8,1
1,2,4,3.122,1,1.0,31.2,1.3,0
1,2,4,3.122,2,1.0,21.8,1.4,0
1,2,4,3.122,3,1.0,19.3,1.5,0
1,2,4,3.122,4,1.0,19.2,1.5,0
1,2,4,3.122,5,1.0,20.3,1.4,0
1,2,4,3.122,6,1.0,17.6,1.2,0
1,2,4,3.122,7,1.0,16.1,1.2,0
1,2,4,3.122,8,1.0,15.8,1.2,0
1,2,4,3.122,9,1.0,17.6,1.2,0
1,2,4,3.122,10,1.0,19.0,1.2,1
1,2,3,3.13,1,1.0,0.0,0.0,2
1,2,3,3.13,2,1.0,0.0,0.0,2
1,2,3,3.13,3,1.0,0.0,0.0,2
1,2,3,3.13,4,1.0,0.0,0.0,2
1,2,3,3.13,5,1.0,0.0,0.0,2
1,2,3,3.13,6,1.0,0.0,0.0,2
1,2,3,3.13,7,1.0,0.0,0.0,2
1,2,3,3.13,8,1.0,55.8,1.4,0
1,2,3,3.13,9,1.0,53.7,1.2,0
1,2,3,3.13,10,1.0,47.9,1.3,1
1,2,4,3.131,1,1.0,0.0,0.0,2
1,2,4,3.131,2,1.0,0.0,0.0,2
1,2,4,3.131,3,1.0,0.0,0.0,2
1,2,4,3.131,4,1.0,0.0,0.0,2
1,2,4,3.131,5,1.0,0.0,0.0,2
1,2,4,3.131,6,1.0,0.0,0.0,2
1,2,4,3.131,7,1.0,0.0,0.0,2
1,2,4,3.131,8,1.0,50.7,2.3,0
1,2,4,3.131,9,1.0,47.4,1.8,0
1,2,4,3.131,10,1.0,41.5,1.8,1
1,2,4,3.132,1,1.0,0.0,0.0,2
1,2,4,3.132,2,1.0,0.0,0.0,2
1,2,4,3.132,3,1.0,0.0,0.0,2
1,2,4,3.132,4,1.0,0.0,0.0,2
1,2,4,3.132,5,1.0,0.0,0.0,2
1,2,4,3.132,6,1.0,0.0,0.0,2
1,2,4,3.132,7,1.0,0.0,0.0,2
1,2,4,3.132,8,1.0,60.3,1.8,0
1,2,4,3.132,9,1.0,59.2,1.7,0
1,2,4,3.132,10,1.0,53.6,1.7,1
1,2,3,3.24,1,1.0,0.0,0.0,2
1,2,3,3.24,2,1.0,0.0,0.0,2
1,2,3,3.24,3,1.0,0.0,0.0,2
1,2,3,3.24,4,1.0,0.0,0.0,2
1,2,3,3.24,5,1.0,0.0,0.0,2
1,2,3,3.24,6,1.0,22.3,1.2,0
1,2,3,3.24,7,1.0,22.1,1.1,0
1,2,3,3.24,8,1.0,21.7,1.3,0
1,2,3,3.24,9,1.0,19.6,1.2,0
1,2,3,3.24,10,1.0,17.1,0.8,1
1,2,4,3.241,1,1.0,0.0,0.0,2
3,2,2,2.1,3,1.0,29.5,0.8,0
1,2,4,3.241,2,1.0,0.0,0.0,2
1,2,4,3.241,3,1.0,0.0,0.0,2
1,2,4,3.241,4,1.0,0.0,0.0,2
1,2,4,3.241,5,1.0,0.0,0.0,2
1,2,4,3.241,6,1.0,20.3,1.7,0
1,2,4,3.241,7,1.0,20.5,1.6,0
1,2,4,3.241,8,1.0,20.2,1.6,0
1,2,4,3.241,9,1.0,18.0,1.4,0
1,2,4,3.241,10,1.0,13.8,1.1,1
1,2,4,3.242,1,1.0,0.0,0.0,2
1,2,4,3.242,2,1.0,0.0,0.0,2
1,2,4,3.242,3,1.0,0.0,0.0,2
1,2,4,3.242,4,1.0,0.0,0.0,2
1,2,4,3.242,5,1.0,0.0,0.0,2
1,2,4,3.242,6,1.0,24.6,1.3,0
1,2,4,3.242,7,1.0,23.8,1.2,0
1,2,4,3.242,8,1.0,23.1,1.6,0
1,2,4,3.242,9,1.0,21.3,1.7,0
1,2,4,3.242,10,1.0,20.5,1.4,1
1,2,3,3.25,1,1.0,34.0,1.1,0
1,2,3,3.25,2,1.0,29.4,1.8,0
1,2,3,3.25,3,1.0,28.0,2.3,0
1,2,3,3.25,4,1.0,25.5,1.8,0
1,2,3,3.25,5,1.0,23.7,1.4,0
1,2,3,3.25,6,1.0,20.8,1.4,0
1,2,3,3.25,7,1.0,19.9,1.6,0
1,2,3,3.25,8,1.0,18.4,1.4,0
1,2,3,3.25,9,1.0,16.6,1.2,0
1,2,3,3.25,10,1.0,15.3,1.3,1
1,2,4,3.251,1,1.0,35.2,1.5,0
1,2,4,3.251,2,1.0,29.4,2.3,0
1,2,4,3.251,3,1.0,28.1,2.7,0
1,2,4,3.251,4,1.0,25.2,2.4,0
1,2,4,3.251,5,1.0,22.8,2.1,0
1,2,4,3.251,6,1.0,19.5,1.9,0
1,2,4,3.251,7,1.0,17.9,2.0,0
1,2,4,3.251,8,1.0,17.0,1.8,0
1,2,4,3.251,9,1.0,17.4,1.5,0
1,2,4,3.251,10,1.0,14.1,1.5,1
1,2,4,3.252,1,1.0,32.5,1.5,0
1,2,4,3.252,2,1.0,29.5,2.2,0
1,2,4,3.252,3,1.0,28.0,2.5,0
1,2,4,3.252,4,1.0,25.8,2.0,0
1,2,4,3.252,5,1.0,24.7,1.7,0
1,2,4,3.252,6,1.0,22.3,1.4,0
1,2,4,3.252,7,1.0,22.2,1.6,0
1,2,4,3.252,8,1.0,19.9,1.9,0
1,2,4,3.252,9,1.0,15.8,1.9,0
1,2,4,3.252,10,1.0,16.7,2.2,1
1,2,5,5.1,1,1.0,39.8,1.5,0
1,2,5,5.1,2,1.0,34.5,1.7,0
1,2,5,5.1,3,1.0,36.2,1.7,0
1,2,5,5.1,4,1.0,33.2,1.7,0
1,2,5,5.1,5,1.0,30.9,1.5,0
1,2,5,5.1,6,1.0,29.2,1.7,0
1,2,5,5.1,7,1.0,29.2,1.9,0
1,2,5,5.1,8,1.0,29.8,1.7,0
1,2,5,5.1,9,1.0,27.5,1.6,0
1,2,5,5.1,10,1.0,25.2,1.7,1
1,2,5,5.2,1,1.0,41.5,1.5,0
1,2,5,5.2,2,1.0,31.5,1.4,0
1,2,5,5.2,3,1.0,32.6,1.2,0
1,2,5,5.2,4,1.0,31.7,1.3,0
1,2,5,5.2,5,1.0,28.8,1.4,0
1,2,5,5.2,6,1.0,28.0,1.3,0
1,2,5,5.2,7,1.0,26.8,1.4,0
1,2,5,5.2,8,1.0,25.2,1.2,0
1,2,5,5.2,9,1.0,25.1,1.1,0
1,2,5,5.2,10,1.0,26.1,1.5,1
1,2,5,5.3,1,1.0,42.9,1.2,0
1,2,5,5.3,3,1.0,29.3,1.4,0
1,2,5,5.3,4,1.0,29.6,1.4,0
1,2,5,5.3,5,1.0,30.0,1.3,0
1,2,5,5.3,6,1.0,29.5,1.1,0
1,2,5,5.3,7,1.0,29.6,1.4,0
1,2,5,5.3,8,1.0,27.4,1.4,0
1,2,5,5.3,9,1.0,26.0,1.4,0
1,2,5,5.3,10,1.0,25.2,1.5,1
1,2,5,5.4,1,1.0,44.6,1.7,0
1,2,5,5.4,2,1.0,35.3,1.3,0
1,2,5,5.4,3,1.0,33.5,1.1,0
1,2,5,5.4,4,1.0,32.1,1.5,0
1,2,5,5.4,5,1.0,31.8,1.4,0
1,2,5,5.4,6,1.0,30.5,1.4,0
1,2,5,5.4,7,1.0,30.3,1.6,0
1,2,5,5.4,8,1.0,31.3,1.4,0
1,2,5,5.4,9,1.0,29.8,1.5,0
1,2,5,5.4,10,1.0,26.1,1.5,1
1,2,6,6.11,1,1.1,51.1,1.5,0
1,2,6,6.11,2,1.1,40.3,1.6,0
1,2,6,6.11,3,1.1,38.3,1.5,0
1,2,6,6.11,4,1.1,35.9,1.8,0
1,2,6,6.11,5,1.1,38.0,1.5,0
1,2,6,6.11,6,1.1,37.5,1.7,0
1,2,6,6.11,7,1.1,37.5,2.3,0
1,2,6,6.11,8,1.1,37.6,1.8,0
1,2,6,6.11,9,1.1,34.6,1.5,0
1,2,6,6.11,10,1.1,32.3,2.1,1
1,2,6,6.12,1,1.2,33.4,1.7,0
1,2,6,6.12,2,1.2,29.0,1.8,0
1,2,6,6.12,3,1.2,26.5,2.0,0
1,2,6,6.12,4,1.2,24.1,2.0,0
1,2,6,6.12,5,1.2,20.9,1.8,0
1,2,6,6.12,6,1.2,19.8,1.9,0
1,2,6,6.12,7,1.2,21.0,1.9,0
1,2,6,6.12,8,1.2,20.5,1.6,0
1,2,6,6.12,9,1.2,19.3,1.5,0
1,2,6,6.12,10,1.2,18.7,2.0,1
1,2,6,6.13,1,1.3,33.6,2.0,0
1,2,6,6.13,2,1.3,24.0,2.1,0
1,2,6,6.13,3,1.3,21.2,1.7,0
1,2,6,6.13,4,1.3,20.8,1.8,0
1,2,6,6.13,5,1.3,21.7,1.9,0
1,2,6,6.13,6,1.3,21.8,1.8,0
1,2,6,6.13,7,1.3,20.0,1.4,0
1,2,6,6.13,8,1.3,18.7,1.6,0
1,2,6,6.13,9,1.3,18.5,1.8,0
1,2,6,6.13,10,1.3,16.2,1.9,1
1,2,6,6.14,1,1.4,28.6,2.1,0
1,2,6,6.14,2,1.4,23.8,2.0,0
1,2,6,6.14,3,1.4,22.2,2.3,0
1,2,6,6.14,4,1.4,19.3,2.2,0
1,2,6,6.14,5,1.4,18.5,1.9,0
1,2,6,6.14,6,1.4,19.4,2.2,0
1,2,6,6.14,7,1.4,21.9,1.9,0
1,2,6,6.14,8,1.4,22.7,1.4,0
1,2,6,6.14,9,1.4,22.3,2.0,0
1,2,6,6.14,10,1.4,21.5,2.6,1
1,2,6,6.15,1,1.5,30.1,2.2,0
1,2,6,6.15,2,1.5,22.8,1.8,0
1,2,6,6.15,3,1.5,23.1,1.9,0
1,2,6,6.15,4,1.5,21.2,1.9,0
1,2,6,6.15,5,1.5,20.2,1.8,0
1,2,6,6.15,6,1.5,21.6,2.0,0
1,2,6,6.15,7,1.5,22.4,2.2,0
1,2,6,6.15,8,1.5,22.2,2.2,0
1,2,6,6.15,9,1.5,19.3,2.5,0
1,2,6,6.15,10,1.5,15.6,2.4,1
1,2,6,6.16,1,1.6,40.9,1.9,0
1,2,6,6.16,2,1.6,32.0,2.2,0
1,2,6,6.16,3,1.6,32.1,2.1,0
1,2,6,6.16,4,1.6,33.1,1.9,0
1,2,6,6.16,5,1.6,28.1,2.6,0
1,2,6,6.16,6,1.6,25.4,2.4,0
1,2,6,6.16,7,1.6,28.2,2.1,0
1,2,6,6.16,8,1.6,28.1,2.4,0
1,2,6,6.16,9,1.6,24.3,2.4,0
1,2,6,6.16,10,1.6,24.7,2.4,1
1,2,6,6.21,1,1.1,57.9,1.3,0
1,2,6,6.21,2,1.1,42.5,1.9,0
1,2,6,6.21,3,1.1,44.2,1.8,0
1,2,6,6.21,4,1.1,45.1,1.7,0
1,2,6,6.21,5,1.1,40.5,1.8,0
1,2,6,6.21,6,1.1,41.1,2.1,0
1,2,6,6.21,7,1.1,40.8,2.3,0
1,2,6,6.21,8,1.1,38.1,2.2,0
1,2,6,6.21,9,1.1,37.5,1.9,0
1,2,6,6.21,10,1.1,36.6,2.2,1
1,2,6,6.22,1,1.2,47.1,2.5,0
1,2,6,6.22,2,1.2,37.1,2.3,0
1,2,6,6.22,3,1.2,38.3,1.8,0
1,2,6,6.22,4,1.2,37.6,2.4,0
1,2,6,6.22,5,1.2,36.2,2.2,0
1,2,6,6.22,6,1.2,34.4,1.9,0
1,2,6,6.22,7,1.2,35.2,1.8,0
1,2,6,6.22,8,1.2,32.5,1.6,0
1,2,6,6.22,9,1.2,31.3,2.2,0
1,2,6,6.22,10,1.2,28.3,2.5,1
1,2,6,6.23,1,1.3,37.2,2.3,0
1,2,6,6.23,2,1.3,33.1,2.1,0
1,2,6,6.23,3,1.3,31.0,2.0,0
1,2,6,6.23,4,1.3,31.1,2.1,0
1,2,6,6.23,5,1.3,32.1,2.0,0
1,2,6,6.23,6,1.3,30.7,2.0,0
1,2,6,6.23,7,1.3,27.3,2.1,0
1,2,6,6.23,8,1.3,27.8,2.3,0
1,2,6,6.23,9,1.3,29.3,2.5,0
1,2,6,6.23,10,1.3,27.1,2.5,1
1,2,6,6.24,1,1.4,31.5,1.5,0
1,2,6,6.24,2,1.4,27.6,2.4,0
1,2,6,6.24,3,1.4,29.2,2.6,0
1,2,6,6.24,4,1.4,29.5,2.2,0
1,2,6,6.24,5,1.4,29.9,1.8,0
1,2,6,6.24,6,1.4,26.7,1.8,0
1,2,6,6.24,7,1.4,23.8,2.1,0
1,2,6,6.24,8,1.4,24.2,2.0,0
1,2,6,6.24,9,1.4,23.8,1.8,0
1,2,6,6.24,10,1.4,25.6,2.2,1
1,2,6,6.25,1,1.5,37.0,2.0,0
1,2,6,6.25,2,1.5,26.4,3.2,0
1,2,6,6.25,3,1.5,27.0,2.2,0
1,2,6,6.25,4,1.5,28.5,2.2,0
1,2,6,6.25,5,1.5,28.8,3.0,0
1,2,6,6.25,6,1.5,23.9,2.5,0
1,2,6,6.25,7,1.5,23.5,1.8,0
1,2,6,6.25,8,1.5,26.9,2.3,0
1,2,6,6.25,9,1.5,23.9,2.1,0
1,2,6,6.25,10,1.5,20.9,2.0,1
1,2,6,6.26,1,1.6,43.0,1.6,0
1,2,6,6.26,2,1.6,36.9,3.3,0
1,2,6,6.26,3,1.6,34.6,3.2,0
1,2,6,6.26,4,1.6,35.4,2.9,0
1,2,6,6.26,5,1.6,36.3,2.7,0
1,2,6,6.26,6,1.6,35.4,1.9,0
1,2,6,6.26,7,1.6,35.3,2.2,0
1,2,6,6.26,8,1.6,32.9,2.2,0
1,2,6,6.26,9,1.6,31.0,2.2,0
1,2,6,6.26,10,1.6,29.0,2.4,1
2,1,1,1.1,1,1.0,56.0,0.8,0
2,1,1,1.1,2,1.0,65.1,0.8,0
2,1,1,1.1,3,1.0,66.0,0.6,0
2,1,1,1.1,4,1.0,66.7,0.8,0
2,1,1,1.1,5,1.0,67.5,0.7,0
2,1,1,1.1,6,1.0,68.5,0.8,0
2,1,1,1.1,7,1.0,68.7,1.0,0
2,1,1,1.1,8,1.0,69.5,0.9,0
2,1,1,1.1,9,1.0,70.9,0.9,0
2,1,1,1.1,10,1.0,72.5,1.0,1
2,1,2,2.1,1,1.0,60.9,1.0,0
2,1,2,2.1,2,1.0,68.8,0.9,0
2,1,2,2.1,3,1.0,70.5,0.9,0
2,1,2,2.1,4,1.0,72.1,1.0,0
2,1,2,2.1,5,1.0,72.9,0.8,0
2,1,2,2.1,6,1.0,73.3,1.0,0
2,1,2,2.1,7,1.0,72.9,1.2,0
2,1,2,2.1,8,1.0,73.0,0.9,0
2,1,2,2.1,9,1.0,74.6,0.9,0
2,1,2,2.1,10,1.0,76.4,1.1,1
2,1,2,2.2,1,1.0,51.4,1.0,0
2,1,2,2.2,2,1.0,61.6,1.2,0
2,1,2,2.2,3,1.0,61.6,1.1,0
2,1,2,2.2,4,1.0,61.3,1.3,0
2,1,2,2.2,5,1.0,62.5,1.1,0
2,1,2,2.2,6,1.0,63.9,0.9,0
2,1,2,2.2,7,1.0,64.6,1.1,0
2,1,2,2.2,8,1.0,66.2,1.1,0
2,1,2,2.2,9,1.0,67.4,1.2,0
2,1,2,2.2,10,1.0,68.8,1.3,1
2,1,3,3.11,1,1.0,54.4,1.0,0
2,1,3,3.11,2,1.0,63.3,1.2,0
2,1,3,3.11,3,1.0,64.3,0.9,0
2,1,3,3.11,4,1.0,64.8,1.1,0
2,1,3,3.11,5,1.0,66.0,1.0,0
2,1,3,3.11,6,1.0,66.8,1.0,0
2,1,3,3.11,7,1.0,67.0,1.3,0
2,1,3,3.11,8,1.0,68.5,1.1,0
2,1,3,3.11,9,1.0,69.8,0.9,0
2,1,3,3.11,10,1.0,70.5,1.3,1
2,1,4,3.111,1,1.0,61.6,1.2,0
2,1,4,3.111,2,1.0,69.4,1.2,0
2,1,4,3.111,3,1.0,71.0,1.1,0
2,1,4,3.111,4,1.0,71.8,1.2,0
2,1,4,3.111,5,1.0,72.9,1.0,0
2,1,4,3.111,6,1.0,73.6,1.3,0
2,1,4,3.111,7,1.0,73.2,1.5,0
2,1,4,3.111,8,1.0,73.7,1.1,0
2,1,4,3.111,9,1.0,75.3,1.0,0
2,1,4,3.111,10,1.0,75.5,1.5,1
2,1,4,3.112,1,1.0,47.5,1.3,0
2,1,4,3.112,2,1.0,57.2,1.7,0
2,1,4,3.112,3,1.0,57.6,1.6,0
2,1,4,3.112,4,1.0,57.9,1.8,0
2,1,4,3.112,5,1.0,59.6,1.6,0
2,1,4,3.112,6,1.0,60.3,1.4,0
2,1,4,3.112,7,1.0,60.9,1.5,0
2,1,4,3.112,8,1.0,63.5,1.4,0
2,1,4,3.112,9,1.0,64.6,1.3,0
2,1,4,3.112,10,1.0,65.8,1.8,1
2,1,3,3.12,1,1.0,63.7,0.9,0
2,1,3,3.12,2,1.0,70.5,1.1,0
2,1,3,3.12,3,1.0,74.0,1.2,0
2,1,3,3.12,4,1.0,76.1,1.1,0
2,1,3,3.12,5,1.0,75.1,1.0,0
2,1,3,3.12,6,1.0,75.5,0.9,0
2,1,3,3.12,7,1.0,76.5,1.1,0
2,1,3,3.12,8,1.0,76.3,1.1,0
2,1,3,3.12,9,1.0,76.1,1.1,0
2,1,3,3.12,10,1.0,76.2,1.1,1
2,1,4,3.121,1,1.0,57.8,1.2,0
2,1,4,3.121,2,1.0,62.6,1.7,0
2,1,4,3.121,3,1.0,67.0,2.0,0
2,1,4,3.121,4,1.0,71.6,2.1,0
2,1,4,3.121,5,1.0,71.7,1.6,0
2,1,4,3.121,6,1.0,70.0,1.1,0
2,1,4,3.121,7,1.0,70.2,1.3,0
2,1,4,3.121,8,1.0,69.6,1.5,0
2,1,4,3.121,9,1.0,70.6,1.7,0
2,1,4,3.121,10,1.0,71.9,1.8,1
2,1,4,3.122,1,1.0,68.2,1.3,0
2,1,4,3.122,2,1.0,77.2,1.5,0
2,1,4,3.122,3,1.0,79.6,1.5,0
2,1,4,3.122,4,1.0,79.8,1.4,0
2,1,4,3.122,5,1.0,78.0,1.3,0
2,1,4,3.122,6,1.0,80.0,1.2,0
2,1,4,3.122,7,1.0,81.8,1.2,0
2,1,4,3.122,8,1.0,82.0,1.2,0
2,1,4,3.122,9,1.0,80.6,1.1,0
2,1,4,3.122,10,1.0,79.6,1.2,1
2,1,3,3.13,1,1.0,0.0,0.0,2
2,1,3,3.13,2,1.0,0.0,0.0,2
2,1,3,3.13,3,1.0,0.0,0.0,2
2,1,3,3.13,4,1.0,0.0,0.0,2
2,1,3,3.13,5,1.0,0.0,0.0,2
2,1,3,3.13,6,1.0,0.0,0.0,2
2,1,3,3.13,7,1.0,0.0,0.0,2
2,1,3,3.13,8,1.0,40.3,1.3,0
2,1,3,3.13,9,1.0,42.7,1.3,0
2,1,3,3.13,10,1.0,49.6,1.3,1
2,1,4,3.131,1,1.0,0.0,0.0,2
2,1,4,3.131,2,1.0,0.0,0.0,2
2,1,4,3.131,3,1.0,0.0,0.0,2
2,1,4,3.131,4,1.0,0.0,0.0,2
2,1,4,3.131,5,1.0,0.0,0.0,2
2,1,4,3.131,6,1.0,0.0,0.0,2
2,1,4,3.131,7,1.0,0.0,0.0,2
2,1,4,3.131,8,1.0,46.9,2.0,0
2,1,4,3.131,9,1.0,49.9,1.9,0
2,1,4,3.131,10,1.0,56.5,1.7,1
2,1,4,3.132,1,1.0,0.0,0.0,2
2,1,4,3.132,2,1.0,0.0,0.0,2
2,1,4,3.132,3,1.0,0.0,0.0,2
2,1,4,3.132,4,1.0,0.0,0.0,2
2,1,4,3.132,5,1.0,0.0,0.0,2
2,1,4,3.132,6,1.0,0.0,0.0,2
2,1,4,3.132,7,1.0,0.0,0.0,2
2,1,4,3.132,8,1.0,34.4,1.7,0
2,1,4,3.132,9,1.0,36.6,1.8,0
2,1,4,3.132,10,1.0,43.3,1.8,1
2,1,3,3.24,1,1.0,0.0,0.0,2
2,1,3,3.24,2,1.0,0.0,0.0,2
2,1,3,3.24,3,1.0,0.0,0.0,2
2,1,3,3.24,4,1.0,0.0,0.0,2
2,1,3,3.24,5,1.0,0.0,0.0,2
2,1,3,3.24,6,1.0,78.4,1.0,0
2,1,3,3.24,7,1.0,78.3,1.0,0
2,1,3,3.24,8,1.0,78.4,1.2,0
2,1,3,3.24,9,1.0,80.4,1.1,0
2,1,3,3.24,10,1.0,82.7,0.9,1
2,1,4,3.241,1,1.0,0.0,0.0,2
2,1,4,3.241,2,1.0,0.0,0.0,2
2,1,4,3.241,3,1.0,0.0,0.0,2
2,1,4,3.241,4,1.0,0.0,0.0,2
2,1,4,3.241,5,1.0,0.0,0.0,2
2,1,4,3.241,6,1.0,80.6,1.5,0
2,1,4,3.241,7,1.0,80.2,1.5,0
2,1,4,3.241,8,1.0,79.6,1.6,0
2,1,4,3.241,9,1.0,81.8,1.3,0
2,1,4,3.241,10,1.0,85.6,1.1,1
2,1,4,3.242,1,1.0,0.0,0.0,2
2,1,4,3.242,2,1.0,0.0,0.0,2
2,1,4,3.242,3,1.0,0.0,0.0,2
2,1,4,3.242,4,1.0,0.0,0.0,2
2,1,4,3.242,5,1.0,0.0,0.0,2
2,1,4,3.242,6,1.0,75.7,1.2,0
2,1,4,3.242,7,1.0,76.3,1.2,0
2,1,4,3.242,8,1.0,77.1,1.6,0
2,1,4,3.242,9,1.0,78.8,1.7,0
2,1,4,3.242,10,1.0,79.6,1.4,1
2,1,3,3.25,1,1.0,68.9,1.1,0
2,1,3,3.25,2,1.0,72.3,1.5,0
2,1,3,3.25,3,1.0,73.8,1.9,0
2,1,3,3.25,4,1.0,75.0,1.5,0
2,1,3,3.25,5,1.0,76.5,1.3,0
2,1,3,3.25,6,1.0,79.9,1.1,0
2,1,3,3.25,7,1.0,80.3,1.5,0
2,1,3,3.25,8,1.0,81.6,1.5,0
2,1,3,3.25,9,1.0,83.8,1.2,0
2,1,3,3.25,10,1.0,84.9,1.4,1
2,1,4,3.251,1,1.0,68.9,1.1,0
2,1,4,3.251,2,1.0,73.2,1.8,0
2,1,4,3.251,3,1.0,74.6,2.2,0
2,1,4,3.251,4,1.0,75.8,2.0,0
2,1,4,3.251,5,1.0,77.7,1.7,0
2,1,4,3.251,6,1.0,81.3,1.5,0
2,1,4,3.251,7,1.0,81.9,1.9,0
2,1,4,3.251,8,1.0,82.7,1.8,0
2,1,4,3.251,9,1.0,82.9,1.5,0
2,1,4,3.251,10,1.0,85.9,1.6,1
2,1,4,3.252,1,1.0,68.9,1.7,0
2,1,4,3.252,2,1.0,71.2,2.0,0
2,1,4,3.252,3,1.0,73.0,2.3,0
2,1,4,3.252,4,1.0,73.9,1.9,0
2,1,4,3.252,5,1.0,74.8,1.8,0
2,1,4,3.252,6,1.0,78.0,1.3,0
2,1,4,3.252,7,1.0,78.3,1.5,0
2,1,4,3.252,8,1.0,80.3,1.9,0
2,1,4,3.252,9,1.0,84.5,1.9,0
2,1,4,3.252,10,1.0,83.7,2.2,1
2,1,5,5.1,1,1.0,59.6,1.7,0
2,1,5,5.1,2,1.0,64.7,1.5,0
2,1,5,5.1,3,1.0,63.4,1.9,0
2,1,5,5.1,4,1.0,65.7,1.9,0
2,1,5,5.1,5,1.0,67.7,1.3,0
2,1,5,5.1,6,1.0,69.7,1.5,0
2,1,5,5.1,7,1.0,70.0,1.5,0
2,1,5,5.1,8,1.0,69.1,1.5,0
2,1,5,5.1,9,1.0,71.6,1.6,0
2,1,5,5.1,10,1.0,73.5,1.5,1
2,1,5,5.2,1,1.0,58.0,1.4,0
2,1,5,5.2,2,1.0,67.3,1.6,0
2,1,5,5.2,3,1.0,66.2,1.2,0
2,1,5,5.2,4,1.0,66.5,1.2,0
2,1,5,5.2,5,1.0,69.6,1.5,0
2,1,5,5.2,6,1.0,70.5,1.4,0
2,1,5,5.2,7,1.0,71.7,1.5,0
2,1,5,5.2,8,1.0,73.9,1.1,0
2,1,5,5.2,9,1.0,73.5,1.2,0
2,1,5,5.2,10,1.0,72.6,1.6,1
2,1,5,5.3,1,1.0,56.0,1.2,0
2,1,5,5.3,2,1.0,68.6,1.4,0
2,1,5,5.3,3,1.0,68.8,1.3,0
2,1,5,5.3,4,1.0,69.0,1.3,0
2,1,5,5.3,5,1.0,68.7,1.3,0
2,1,5,5.3,6,1.0,68.6,1.2,0
2,1,5,5.3,7,1.0,68.3,1.5,0
2,1,5,5.3,8,1.0,71.6,1.5,0
2,1,5,5.3,9,1.0,72.9,1.3,0
2,1,5,5.3,10,1.0,73.8,1.4,1
2,1,5,5.4,1,1.0,52.4,1.7,0
2,1,5,5.4,2,1.0,62.2,1.1,0
2,1,5,5.4,3,1.0,63.7,1.2,0
2,2,2,2.1,9,1.0,74.3,0.9,0
2,1,5,5.4,4,1.0,64.7,1.6,0
2,1,5,5.4,5,1.0,65.3,1.5,0
2,1,5,5.4,6,1.0,66.9,1.6,0
2,1,5,5.4,7,1.0,66.8,1.8,0
2,1,5,5.4,8,1.0,65.6,1.5,0
2,1,5,5.4,9,1.0,67.4,1.8,0
2,1,5,5.4,10,1.0,71.7,1.8,1
2,2,1,1.1,1,1.0,54.9,0.8,0
2,2,1,1.1,2,1.0,65.2,0.8,0
2,2,1,1.1,3,1.0,66.1,0.6,0
2,2,1,1.1,4,1.0,66.9,0.8,0
2,2,1,1.1,5,1.0,67.8,0.8,0
2,2,1,1.1,6,1.0,68.7,0.8,0
2,2,1,1.1,7,1.0,69.1,1.0,0
2,2,1,1.1,8,1.0,69.8,0.9,0
2,2,1,1.1,9,1.0,71.1,0.9,0
2,2,1,1.1,10,1.0,72.6,1.0,1
2,2,2,2.1,1,1.0,59.4,1.0,0
2,2,2,2.1,2,1.0,68.6,0.9,0
2,2,2,2.1,3,1.0,70.4,0.8,0
2,2,2,2.1,4,1.0,72.1,1.0,0
2,2,2,2.1,5,1.0,72.8,0.9,0
2,2,2,2.1,6,1.0,73.2,1.0,0
2,2,2,2.1,7,1.0,72.9,1.2,0
2,2,2,2.1,8,1.0,72.8,1.0,0
2,2,2,2.1,10,1.0,76.0,1.2,1
2,2,2,2.2,1,1.0,50.7,1.0,0
2,2,2,2.2,2,1.0,62.0,1.2,0
2,2,2,2.2,3,1.0,61.9,1.1,0
2,2,2,2.2,4,1.0,61.9,1.3,0
2,2,2,2.2,5,1.0,63.0,1.1,0
2,2,2,2.2,6,1.0,64.5,0.9,0
2,2,2,2.2,7,1.0,65.5,1.1,0
2,2,2,2.2,8,1.0,67.0,1.1,0
2,2,2,2.2,9,1.0,68.1,1.1,0
2,2,2,2.2,10,1.0,69.4,1.2,1
2,2,3,3.11,1,1.0,53.8,1.0,0
2,2,3,3.11,2,1.0,63.9,1.2,0
2,2,3,3.11,3,1.0,65.1,0.9,0
2,2,3,3.11,4,1.0,65.8,1.1,0
2,2,3,3.11,5,1.0,66.9,1.0,0
2,2,3,3.11,6,1.0,67.8,1.0,0
2,2,3,3.11,7,1.0,68.3,1.3,0
2,2,3,3.11,8,1.0,69.6,1.0,0
2,2,3,3.11,9,1.0,70.9,0.8,0
2,2,3,3.11,10,1.0,71.6,1.2,1
2,2,4,3.111,1,1.0,60.6,1.2,0
2,2,4,3.111,2,1.0,69.9,1.2,0
2,2,4,3.111,3,1.0,71.6,1.0,0
2,2,4,3.111,4,1.0,72.5,1.2,0
2,2,4,3.111,5,1.0,73.4,1.0,0
2,2,4,3.111,6,1.0,74.2,1.3,0
2,2,4,3.111,7,1.0,73.8,1.5,0
2,2,4,3.111,8,1.0,74.2,1.1,0
2,2,4,3.111,9,1.0,75.6,1.0,0
2,2,4,3.111,10,1.0,76.0,1.4,1
2,2,4,3.112,1,1.0,47.4,1.2,0
2,2,4,3.112,2,1.0,58.2,1.8,0
2,2,4,3.112,3,1.0,58.7,1.6,0
2,2,4,3.112,4,1.0,59.4,1.7,0
2,2,4,3.112,5,1.0,60.7,1.5,0
2,2,4,3.112,6,1.0,61.7,1.3,0
2,2,4,3.112,7,1.0,62.9,1.4,0
2,2,4,3.112,8,1.0,65.2,1.3,0
2,2,4,3.112,9,1.0,66.3,1.2,0
2,2,4,3.112,10,1.0,67.4,1.6,1
2,2,3,3.12,1,1.0,61.8,1.0,0
2,2,3,3.12,2,1.0,70.0,1.1,0
2,2,3,3.12,3,1.0,73.3,1.2,0
2,2,3,3.12,4,1.0,76.0,1.2,0
4,2,2,2.1,8,1.0,22.0,0.8,0
2,2,3,3.12,5,1.0,74.9,1.0,0
2,2,3,3.12,6,1.0,75.2,1.0,0
2,2,3,3.12,7,1.0,76.4,1.2,0
2,2,3,3.12,8,1.0,76.3,1.1,0
2,2,3,3.12,9,1.0,75.7,1.1,0
2,2,3,3.12,10,1.0,75.7,1.1,1
2,2,4,3.121,1,1.0,56.7,1.2,0
2,2,4,3.121,2,1.0,61.7,1.7,0
2,2,4,3.121,3,1.0,66.3,2.1,0
2,2,4,3.121,4,1.0,71.6,2.2,0
2,2,4,3.121,5,1.0,71.1,1.7,0
2,2,4,3.121,6,1.0,69.1,1.2,0
2,2,4,3.121,7,1.0,69.6,1.4,0
2,2,4,3.121,8,1.0,69.1,1.4,0
2,2,4,3.121,9,1.0,69.8,1.7,0
2,2,4,3.121,10,1.0,70.9,1.9,1
2,2,4,3.122,1,1.0,66.0,1.4,0
2,2,4,3.122,2,1.0,76.9,1.5,0
2,2,4,3.122,3,1.0,79.1,1.5,0
2,2,4,3.122,4,1.0,79.7,1.5,0
2,2,6,6.13,4,1.3,78.5,1.7,0
2,2,4,3.122,5,1.0,78.1,1.4,0
2,2,4,3.122,6,1.0,80.2,1.3,0
2,2,4,3.122,7,1.0,82.1,1.3,0
2,2,4,3.122,8,1.0,82.3,1.2,0
2,2,4,3.122,9,1.0,80.5,1.2,0
2,2,4,3.122,10,1.0,79.6,1.2,1
2,2,3,3.13,1,1.0,0.0,0.0,2
2,2,3,3.13,2,1.0,0.0,0.0,2
2,2,3,3.13,3,1.0,0.0,0.0,2
2,2,3,3.13,4,1.0,0.0,0.0,2
2,2,3,3.13,5,1.0,0.0,0.0,2
2,2,3,3.13,6,1.0,0.0,0.0,2
2,2,3,3.13,7,1.0,0.0,0.0,2
2,2,3,3.13,8,1.0,40.0,1.5,0
2,2,3,3.13,9,1.0,42.6,1.3,0
2,2,3,3.13,10,1.0,49.6,1.3,1
2,2,4,3.131,1,1.0,0.0,0.0,2
2,2,4,3.131,2,1.0,0.0,0.0,2
2,2,4,3.131,3,1.0,0.0,0.0,2
2,2,4,3.131,4,1.0,0.0,0.0,2
2,2,4,3.131,5,1.0,0.0,0.0,2
2,2,4,3.131,6,1.0,0.0,0.0,2
2,2,4,3.131,7,1.0,0.0,0.0,2
2,2,4,3.131,8,1.0,46.3,2.2,0
2,2,4,3.131,9,1.0,49.5,1.7,0
2,2,4,3.131,10,1.0,56.8,1.7,1
2,2,4,3.132,1,1.0,0.0,0.0,2
2,2,4,3.132,2,1.0,0.0,0.0,2
2,2,4,3.132,3,1.0,0.0,0.0,2
2,2,4,3.132,4,1.0,0.0,0.0,2
2,2,4,3.132,5,1.0,0.0,0.0,2
2,2,4,3.132,6,1.0,0.0,0.0,2
2,2,4,3.132,7,1.0,0.0,0.0,2
2,2,4,3.132,8,1.0,34.5,1.9,0
2,2,4,3.132,9,1.0,36.5,1.8,0
2,2,4,3.132,10,1.0,43.3,1.7,1
2,2,3,3.24,1,1.0,0.0,0.0,2
2,2,3,3.24,2,1.0,0.0,0.0,2
2,2,3,3.24,3,1.0,0.0,0.0,2
2,2,3,3.24,4,1.0,0.0,0.0,2
2,2,3,3.24,5,1.0,0.0,0.0,2
2,2,3,3.24,6,1.0,77.1,1.2,0
2,2,3,3.24,7,1.0,77.2,1.1,0
2,2,3,3.24,8,1.0,77.5,1.3,0
2,2,3,3.24,9,1.0,79.6,1.2,0
2,2,3,3.24,10,1.0,82.0,0.9,1
2,2,4,3.241,1,1.0,0.0,0.0,2
2,2,4,3.241,2,1.0,0.0,0.0,2
2,2,4,3.241,3,1.0,0.0,0.0,2
2,2,4,3.241,4,1.0,0.0,0.0,2
2,2,4,3.241,5,1.0,0.0,0.0,2
2,2,4,3.241,6,1.0,79.3,1.8,0
2,2,4,3.241,7,1.0,78.9,1.7,0
2,2,4,3.241,8,1.0,78.8,1.7,0
2,2,4,3.241,9,1.0,81.3,1.4,0
2,2,4,3.241,10,1.0,85.4,1.2,1
2,2,4,3.242,1,1.0,0.0,0.0,2
2,2,4,3.242,2,1.0,0.0,0.0,2
2,2,4,3.242,3,1.0,0.0,0.0,2
2,2,4,3.242,4,1.0,0.0,0.0,2
2,2,4,3.242,5,1.0,0.0,0.0,2
2,2,4,3.242,6,1.0,74.6,1.3,0
2,2,4,3.242,7,1.0,75.3,1.2,0
2,2,4,3.242,8,1.0,76.3,1.7,0
2,2,4,3.242,9,1.0,77.8,1.8,0
2,2,4,3.242,10,1.0,78.6,1.5,1
2,2,3,3.25,1,1.0,64.8,1.1,0
2,2,3,3.25,2,1.0,69.8,1.7,0
2,2,3,3.25,3,1.0,71.6,2.2,0
2,2,3,3.25,4,1.0,73.9,1.9,0
2,2,3,3.25,5,1.0,75.5,1.4,0
2,2,3,3.25,6,1.0,78.8,1.3,0
2,2,3,3.25,7,1.0,79.3,1.7,0
2,2,3,3.25,8,1.0,81.0,1.6,0
2,2,3,3.25,9,1.0,83.0,1.3,0
2,2,3,3.25,10,1.0,84.1,1.5,1
2,2,4,3.251,1,1.0,63.9,1.5,0
2,2,4,3.251,2,1.0,70.1,2.2,0
2,2,4,3.251,3,1.0,71.8,2.7,0
2,2,4,3.251,4,1.0,74.6,2.4,0
2,2,4,3.251,5,1.0,76.8,2.0,0
2,2,4,3.251,6,1.0,80.2,1.9,0
2,2,4,3.251,7,1.0,81.4,2.1,0
2,2,4,3.251,8,1.0,82.3,1.9,0
2,2,4,3.251,9,1.0,82.4,1.5,0
2,2,4,3.251,10,1.0,85.6,1.6,1
2,2,4,3.252,1,1.0,65.9,1.4,0
2,2,4,3.252,2,1.0,69.3,2.3,0
2,2,4,3.252,3,1.0,71.4,2.5,0
2,2,4,3.252,4,1.0,73.0,2.2,0
2,2,4,3.252,5,1.0,73.9,2.0,0
2,2,4,3.252,6,1.0,77.1,1.5,0
2,2,4,3.252,7,1.0,76.9,1.9,0
2,2,4,3.252,8,1.0,79.5,2.1,0
2,2,4,3.252,9,1.0,83.6,2.0,0
2,2,4,3.252,10,1.0,82.4,2.4,1
2,2,5,5.1,1,1.0,56.8,1.6,0
2,2,5,5.1,2,1.0,62.5,1.6,0
2,2,5,5.1,3,1.0,61.4,1.6,0
2,2,5,5.1,4,1.0,64.4,1.8,0
2,2,5,5.1,5,1.0,65.9,1.5,0
2,2,5,5.1,6,1.0,67.8,1.8,0
2,2,5,5.1,7,1.0,68.0,2.1,0
2,2,5,5.1,8,1.0,67.1,1.9,0
2,2,5,5.1,9,1.0,70.4,1.7,0
2,2,5,5.1,10,1.0,72.4,1.8,1
2,2,5,5.2,1,1.0,55.7,1.5,0
2,2,5,5.2,2,1.0,66.2,1.5,0
2,2,5,5.2,3,1.0,65.3,1.2,0
2,2,5,5.2,4,1.0,66.0,1.3,0
2,2,5,5.2,5,1.0,69.1,1.4,0
2,2,5,5.2,6,1.0,70.1,1.4,0
2,2,5,5.2,7,1.0,71.4,1.6,0
2,2,5,5.2,8,1.0,73.1,1.2,0
2,2,5,5.2,9,1.0,72.7,1.2,0
2,2,5,5.2,10,1.0,71.8,1.6,1
2,2,5,5.3,1,1.0,54.9,1.2,0
2,2,5,5.3,2,1.0,68.5,1.5,0
2,2,5,5.3,3,1.0,69.0,1.4,0
2,2,5,5.3,4,1.0,69.0,1.4,0
2,2,5,5.3,5,1.0,68.7,1.3,0
2,2,5,5.3,6,1.0,68.8,1.2,0
2,2,5,5.3,7,1.0,68.8,1.6,0
2,2,5,5.3,8,1.0,71.8,1.5,0
2,2,5,5.3,9,1.0,72.9,1.3,0
2,2,5,5.3,10,1.0,73.1,1.4,1
2,2,5,5.4,1,1.0,53.3,1.6,0
2,2,5,5.4,2,1.0,63.7,1.3,0
2,2,5,5.4,3,1.0,65.5,1.2,0
2,2,5,5.4,4,1.0,66.5,1.5,0
2,2,5,5.4,5,1.0,67.2,1.5,0
2,2,5,5.4,6,1.0,68.5,1.6,0
2,2,5,5.4,7,1.0,68.6,1.8,0
2,2,5,5.4,8,1.0,67.7,1.5,0
2,2,5,5.4,9,1.0,69.2,1.6,0
2,2,5,5.4,10,1.0,73.2,1.5,1
2,2,6,6.11,1,1.1,47.5,1.4,0
2,2,6,6.11,2,1.1,57.4,1.5,0
2,2,6,6.11,3,1.1,59.0,1.5,0
2,2,6,6.11,4,1.1,61.6,1.7,0
2,2,6,6.11,5,1.1,60.5,1.4,0
2,2,6,6.11,6,1.1,61.1,1.7,0
2,2,6,6.11,7,1.1,60.9,2.3,0
2,2,6,6.11,8,1.1,60.4,1.8,0
2,2,6,6.11,9,1.1,63.0,1.5,0
2,2,6,6.11,10,1.1,65.2,2.1,1
2,2,6,6.12,1,1.2,65.5,1.7,0
2,2,6,6.12,2,1.2,70.5,1.8,0
2,2,6,6.12,3,1.2,72.9,2.2,0
2,2,6,6.12,4,1.2,75.2,2.2,0
2,2,6,6.12,5,1.2,78.8,1.8,0
2,2,6,6.12,6,1.2,80.2,1.9,0
2,2,6,6.12,7,1.2,78.9,1.9,0
2,2,6,6.12,8,1.2,79.3,1.6,0
2,2,6,6.12,9,1.2,80.6,1.5,0
2,2,6,6.12,10,1.2,81.0,2.0,1
2,2,6,6.13,1,1.3,66.1,2.1,0
2,2,6,6.13,2,1.3,75.7,2.1,0
2,2,6,6.13,3,1.3,78.5,1.7,0
2,2,6,6.13,5,1.3,76.8,1.8,0
2,2,6,6.13,6,1.3,76.8,1.8,0
2,2,6,6.13,7,1.3,79.3,1.5,0
2,2,6,6.13,8,1.3,80.8,1.7,0
2,2,6,6.13,9,1.3,80.8,1.8,0
2,2,6,6.13,10,1.3,83.0,2.0,1
2,2,6,6.14,1,1.4,70.5,2.1,0
2,2,6,6.14,2,1.4,75.4,2.2,0
2,2,6,6.14,3,1.4,77.3,2.2,0
2,2,6,6.14,4,1.4,79.7,2.2,0
2,2,6,6.14,5,1.4,80.5,1.9,0
2,2,6,6.14,6,1.4,79.8,2.1,0
2,2,6,6.14,7,1.4,77.4,1.9,0
2,2,6,6.14,8,1.4,76.7,1.4,0
2,2,6,6.14,9,1.4,76.7,2.0,0
2,2,6,6.14,10,1.4,77.5,2.6,1
2,2,6,6.15,1,1.5,68.5,2.1,0
2,2,6,6.15,2,1.5,76.2,1.8,0
2,2,6,6.15,3,1.5,76.1,1.9,0
2,2,6,6.15,4,1.5,78.0,1.8,0
2,2,6,6.15,5,1.5,79.1,1.8,0
2,2,6,6.15,6,1.5,77.5,2.0,0
2,2,6,6.15,7,1.5,76.9,2.1,0
2,2,6,6.15,8,1.5,76.1,2.1,0
2,2,6,6.15,9,1.5,79.0,2.5,0
2,2,6,6.15,10,1.5,83.7,2.4,1
2,2,6,6.16,1,1.6,56.5,2.0,0
2,2,6,6.16,2,1.6,67.4,2.3,0
2,2,6,6.16,3,1.6,66.8,2.2,0
2,2,6,6.16,4,1.6,65.8,2.0,0
2,2,6,6.16,5,1.6,70.8,2.4,0
2,2,6,6.16,6,1.6,73.2,2.3,0
2,2,6,6.16,7,1.6,70.4,2.0,0
2,2,6,6.16,8,1.6,71.0,2.3,0
2,2,6,6.16,9,1.6,74.9,2.4,0
2,2,6,6.16,10,1.6,74.6,2.5,1
2,2,6,6.21,1,1.1,37.0,1.4,0
2,2,6,6.21,2,1.1,52.9,2.1,0
2,2,6,6.21,3,1.1,51.6,1.9,0
2,2,6,6.21,4,1.1,50.9,1.8,0
2,2,6,6.21,5,1.1,55.6,2.1,0
2,2,6,6.21,6,1.1,55.4,2.4,0
2,2,6,6.21,7,1.1,55.2,2.4,0
2,2,6,6.21,8,1.1,58.5,2.1,0
2,2,6,6.21,9,1.1,59.6,1.7,0
2,2,6,6.21,10,1.1,60.0,2.2,1
2,2,6,6.22,1,1.2,49.6,2.4,0
2,2,6,6.22,2,1.2,60.6,2.4,0
2,2,6,6.22,3,1.2,60.1,1.9,0
2,2,6,6.22,4,1.2,60.7,2.5,0
2,2,6,6.22,5,1.2,62.1,2.3,0
2,2,6,6.22,6,1.2,63.9,1.8,0
2,2,6,6.22,7,1.2,62.4,1.8,0
2,2,6,6.22,8,1.2,65.6,1.7,0
2,2,6,6.22,9,1.2,67.7,2.2,0
2,2,6,6.22,10,1.2,70.7,2.6,1
2,2,6,6.23,1,1.3,60.3,2.5,0
2,2,6,6.23,2,1.3,65.1,2.2,0
2,2,6,6.23,3,1.3,67.4,2.1,0
2,2,6,6.23,4,1.3,67.3,2.0,0
2,2,6,6.23,5,1.3,65.8,1.9,0
2,2,6,6.23,6,1.3,66.2,2.1,0
2,2,6,6.23,7,1.3,70.5,2.2,0
2,2,6,6.23,8,1.3,71.4,2.2,0
2,2,6,6.23,9,1.3,69.5,2.4,0
2,2,6,6.23,10,1.3,71.3,2.7,1
2,2,6,6.24,1,1.4,66.3,1.6,0
2,2,6,6.24,2,1.4,72.2,2.4,0
2,2,6,6.24,3,1.4,69.9,2.5,0
2,2,6,6.24,4,1.4,69.6,2.1,0
2,2,6,6.24,5,1.4,69.4,1.7,0
2,2,6,6.24,6,1.4,72.2,1.8,0
2,2,6,6.24,7,1.4,75.1,2.1,0
2,2,6,6.24,8,1.4,74.3,2.1,0
2,2,6,6.24,9,1.4,74.5,1.9,0
2,2,6,6.24,10,1.4,72.7,2.2,1
2,2,6,6.25,1,1.5,60.3,1.8,0
2,2,6,6.25,2,1.5,70.9,3.1,0
2,2,6,6.25,3,1.5,71.5,2.2,0
2,2,6,6.25,4,1.5,70.5,2.2,0
2,2,6,6.25,5,1.5,69.6,3.0,0
2,2,6,6.25,6,1.5,74.2,2.6,0
2,2,6,6.25,7,1.5,73.8,2.0,0
2,2,6,6.25,8,1.5,71.2,2.3,0
2,2,6,6.25,9,1.5,75.6,2.1,0
2,2,6,6.25,10,1.5,78.9,2.0,1
2,2,6,6.26,1,1.6,52.3,1.5,0
2,2,6,6.26,2,1.6,59.9,3.3,0
2,2,6,6.26,3,1.6,63.7,3.2,0
2,2,6,6.26,4,1.6,62.6,2.9,0
2,2,6,6.26,5,1.6,61.3,2.6,0
2,2,6,6.26,6,1.6,63.2,1.9,0
2,2,6,6.26,7,1.6,62.4,2.2,0
2,2,6,6.26,8,1.6,64.6,2.1,0
2,2,6,6.26,9,1.6,67.4,2.1,0
2,2,6,6.26,10,1.6,69.9,2.3,1
3,1,1,1.1,1,1.0,22.9,0.7,0
3,1,1,1.1,2,1.0,30.4,0.9,0
3,1,1,1.1,3,1.0,31.4,0.8,0
3,1,1,1.1,4,1.0,33.4,0.9,0
3,1,1,1.1,5,1.0,34.0,0.9,0
3,1,1,1.1,6,1.0,34.7,0.7,0
3,1,1,1.1,7,1.0,35.3,0.8,0
3,1,1,1.1,8,1.0,36.4,0.8,0
3,1,1,1.1,9,1.0,38.8,0.9,0
3,1,1,1.1,10,1.0,41.1,1.2,1
3,1,2,2.1,1,1.0,20.2,0.7,0
3,1,2,2.1,2,1.0,27.5,0.9,0
3,1,2,2.1,3,1.0,29.5,0.8,0
3,1,2,2.1,4,1.0,32.4,1.2,0
3,1,2,2.1,5,1.0,32.7,1.2,0
3,1,2,2.1,6,1.0,33.9,1.1,0
3,1,2,2.1,7,1.0,34.6,1.1,0
3,1,2,2.1,8,1.0,34.5,0.9,0
3,1,2,2.1,9,1.0,36.8,1.2,0
3,1,2,2.1,10,1.0,40.5,1.8,1
3,1,2,2.2,1,1.0,25.5,0.9,0
3,1,2,2.2,2,1.0,33.2,1.2,0
3,1,2,2.2,3,1.0,33.2,1.2,0
3,1,2,2.2,4,1.0,34.3,1.1,0
3,1,2,2.2,5,1.0,35.4,0.9,0
3,1,2,2.2,6,1.0,35.5,0.7,0
3,1,2,2.2,7,1.0,35.9,0.9,0
3,1,2,2.2,8,1.0,38.1,1.0,0
3,1,2,2.2,9,1.0,40.7,1.0,0
3,1,2,2.2,10,1.0,41.5,1.2,1
3,1,3,3.11,1,1.0,21.6,0.8,0
3,1,3,3.11,2,1.0,29.4,1.1,0
3,1,3,3.11,3,1.0,30.5,0.9,0
3,1,3,3.11,4,1.0,32.0,1.0,0
3,1,3,3.11,5,1.0,32.8,1.2,0
3,1,3,3.11,6,1.0,33.3,1.0,0
3,1,3,3.11,7,1.0,33.4,1.0,0
3,1,3,3.11,8,1.0,34.6,1.0,0
3,1,3,3.11,9,1.0,37.4,1.0,0
3,1,3,3.11,10,1.0,40.2,1.5,1
3,1,4,3.111,1,1.0,20.2,0.9,0
3,1,4,3.111,2,1.0,28.0,1.0,0
3,1,4,3.111,3,1.0,30.2,1.0,0
3,1,4,3.111,4,1.0,32.4,1.4,0
3,1,4,3.111,5,1.0,32.6,1.4,0
3,1,4,3.111,6,1.0,34.1,1.4,0
3,1,4,3.111,7,1.0,34.4,1.3,0
3,1,4,3.111,8,1.0,34.0,1.1,0
3,1,4,3.111,9,1.0,37.0,1.5,0
3,1,4,3.111,10,1.0,41.3,2.3,1
3,2,1,1.1,10,1.0,41.2,1.2,1
3,1,4,3.112,1,1.0,22.9,1.1,0
3,1,4,3.112,2,1.0,30.7,1.3,0
3,1,4,3.112,3,1.0,30.7,1.4,0
3,1,4,3.112,4,1.0,31.6,1.4,0
3,1,4,3.112,5,1.0,33.1,1.3,0
3,1,4,3.112,6,1.0,32.5,1.2,0
3,1,4,3.112,7,1.0,32.3,1.4,0
3,1,4,3.112,8,1.0,35.3,1.4,0
3,1,4,3.112,9,1.0,37.9,1.2,0
3,1,4,3.112,10,1.0,39.0,1.7,1
3,1,3,3.12,1,1.0,30.7,0.9,0
3,1,3,3.12,2,1.0,39.2,1.2,0
3,1,3,3.12,3,1.0,42.0,1.4,0
3,1,3,3.12,4,1.0,45.5,1.4,0
3,1,3,3.12,5,1.0,45.0,1.3,0
3,1,3,3.12,6,1.0,47.0,1.5,0
3,1,3,3.12,7,1.0,48.8,1.4,0
3,1,3,3.12,8,1.0,48.0,1.3,0
3,1,3,3.12,9,1.0,47.9,1.5,0
3,1,3,3.12,10,1.0,48.6,1.4,1
3,1,4,3.121,1,1.0,20.9,1.0,0
3,2,2,2.1,1,1.0,19.5,0.7,0
3,1,4,3.121,2,1.0,27.8,1.4,0
3,1,4,3.121,3,1.0,30.8,2.0,0
3,1,4,3.121,4,1.0,35.7,2.1,0
3,1,4,3.121,5,1.0,37.5,1.9,0
3,1,4,3.121,6,1.0,38.3,1.8,0
3,1,4,3.121,7,1.0,38.1,1.6,0
3,1,4,3.121,8,1.0,37.9,1.7,0
3,1,4,3.121,9,1.0,38.0,1.8,0
3,1,4,3.121,10,1.0,39.3,1.7,1
3,1,4,3.122,1,1.0,38.3,1.4,0
3,1,4,3.122,2,1.0,48.6,2.0,0
3,1,4,3.122,3,1.0,51.1,2.0,0
3,1,4,3.122,4,1.0,53.4,1.8,0
3,1,4,3.122,5,1.0,51.0,1.4,0
3,1,4,3.122,6,1.0,54.0,1.7,0
3,1,4,3.122,7,1.0,57.5,1.7,0
3,1,4,3.122,8,1.0,56.5,1.3,0
3,1,4,3.122,9,1.0,56.0,1.4,0
3,1,4,3.122,10,1.0,56.2,1.5,1
3,1,3,3.13,1,1.0,0.0,0.0,2
3,1,3,3.13,2,1.0,0.0,0.0,2
3,1,3,3.13,3,1.0,0.0,0.0,2
3,1,3,3.13,4,1.0,0.0,0.0,2
3,1,3,3.13,5,1.0,0.0,0.0,2
3,1,3,3.13,6,1.0,0.0,0.0,2
3,1,3,3.13,7,1.0,0.0,0.0,2
3,1,3,3.13,8,1.0,11.8,0.9,0
3,1,3,3.13,9,1.0,12.5,0.9,0
3,1,3,3.13,10,1.0,14.9,1.0,1
3,1,4,3.131,1,1.0,0.0,0.0,2
3,1,4,3.131,2,1.0,0.0,0.0,2
3,1,4,3.131,3,1.0,0.0,0.0,2
3,1,4,3.131,4,1.0,0.0,0.0,2
3,1,4,3.131,5,1.0,0.0,0.0,2
3,1,4,3.131,6,1.0,0.0,0.0,2
3,1,4,3.131,7,1.0,0.0,0.0,2
3,1,4,3.131,8,1.0,11.3,1.1,0
3,1,4,3.131,9,1.0,10.9,1.0,0
3,1,4,3.131,10,1.0,13.3,1.4,1
3,1,4,3.132,1,1.0,0.0,0.0,2
3,1,4,3.132,2,1.0,0.0,0.0,2
3,1,4,3.132,3,1.0,0.0,0.0,2
3,1,4,3.132,4,1.0,0.0,0.0,2
3,2,2,2.1,2,1.0,27.5,0.9,0
3,1,4,3.132,5,1.0,0.0,0.0,2
3,1,4,3.132,6,1.0,0.0,0.0,2
3,1,4,3.132,7,1.0,0.0,0.0,2
3,1,4,3.132,8,1.0,11.9,1.5,0
3,1,4,3.132,9,1.0,13.6,1.2,0
3,1,4,3.132,10,1.0,16.0,1.0,1
3,1,3,3.24,1,1.0,0.0,0.0,2
3,1,3,3.24,2,1.0,0.0,0.0,2
3,1,3,3.24,3,1.0,0.0,0.0,2
3,1,3,3.24,4,1.0,0.0,0.0,2
3,1,3,3.24,5,1.0,0.0,0.0,2
3,1,3,3.24,6,1.0,38.9,1.5,0
3,1,3,3.24,7,1.0,40.9,1.2,0
3,1,3,3.24,8,1.0,42.6,1.4,0
3,1,3,3.24,9,1.0,44.8,1.5,0
3,1,3,3.24,10,1.0,45.7,1.3,1
3,1,4,3.241,1,1.0,0.0,0.0,2
3,1,4,3.241,2,1.0,0.0,0.0,2
3,1,4,3.241,3,1.0,0.0,0.0,2
3,1,4,3.241,4,1.0,0.0,0.0,2
3,1,4,3.241,5,1.0,0.0,0.0,2
3,1,4,3.241,6,1.0,35.7,1.8,0
3,1,4,3.241,7,1.0,38.6,1.6,0
3,1,4,3.241,8,1.0,39.1,1.8,0
3,1,4,3.241,9,1.0,40.4,2.0,0
3,1,4,3.241,10,1.0,44.3,1.6,1
3,1,4,3.242,1,1.0,0.0,0.0,2
3,1,4,3.242,2,1.0,0.0,0.0,2
3,1,4,3.242,3,1.0,0.0,0.0,2
3,1,4,3.242,4,1.0,0.0,0.0,2
3,1,4,3.242,5,1.0,0.0,0.0,2
3,1,4,3.242,6,1.0,42.1,1.6,0
3,1,4,3.242,7,1.0,43.1,1.4,0
3,1,4,3.242,8,1.0,45.6,1.7,0
3,1,4,3.242,9,1.0,48.9,1.7,0
3,1,4,3.242,10,1.0,47.1,1.5,1
3,1,3,3.25,1,1.0,29.3,1.0,0
3,1,3,3.25,2,1.0,32.7,1.8,0
3,1,3,3.25,3,1.0,34.1,1.6,0
3,1,3,3.25,4,1.0,35.3,1.1,0
3,1,3,3.25,5,1.0,37.3,1.9,0
3,1,3,3.25,6,1.0,40.3,1.8,0
3,1,3,3.25,7,1.0,43.2,1.5,0
3,1,3,3.25,8,1.0,46.4,1.7,0
3,1,3,3.25,9,1.0,47.9,1.5,0
3,1,3,3.25,10,1.0,50.0,1.3,1
3,1,4,3.251,1,1.0,23.8,1.0,0
3,1,4,3.251,2,1.0,27.8,1.5,0
3,1,4,3.251,3,1.0,29.1,1.8,0
3,1,4,3.251,4,1.0,29.5,1.6,0
3,1,4,3.251,5,1.0,32.0,2.1,0
3,1,4,3.251,6,1.0,36.3,2.1,0
3,1,4,3.251,7,1.0,40.2,2.0,0
3,1,4,3.251,8,1.0,43.3,2.1,0
3,1,4,3.251,9,1.0,44.0,1.9,0
3,1,4,3.251,10,1.0,48.8,1.7,1
3,1,4,3.252,1,1.0,35.2,1.4,0
3,1,4,3.252,2,1.0,38.0,2.6,0
3,1,4,3.252,3,1.0,39.4,2.3,0
3,1,4,3.252,4,1.0,41.8,2.1,0
3,1,4,3.252,5,1.0,43.3,2.2,0
3,1,4,3.252,6,1.0,44.6,1.7,0
3,1,4,3.252,7,1.0,46.3,2.0,0
3,1,4,3.252,8,1.0,49.6,2.4,0
3,1,4,3.252,9,1.0,51.7,1.9,0
3,1,4,3.252,10,1.0,51.4,2.2,1
3,1,5,5.1,1,1.0,28.1,1.4,0
3,1,5,5.1,2,1.0,34.7,2.0,0
3,1,5,5.1,3,1.0,33.7,1.8,0
3,1,5,5.1,4,1.0,35.0,1.4,0
3,1,5,5.1,5,1.0,35.9,1.4,0
3,1,5,5.1,6,1.0,37.2,1.3,0
3,1,5,5.1,7,1.0,38.3,1.3,0
3,1,5,5.1,8,1.0,39.2,1.3,0
3,1,5,5.1,9,1.0,42.2,1.5,0
3,1,5,5.1,10,1.0,44.0,1.7,1
3,1,5,5.2,1,1.0,26.1,1.4,0
3,1,5,5.2,2,1.0,34.1,1.6,0
3,1,5,5.2,3,1.0,33.6,1.4,0
3,1,5,5.2,4,1.0,35.9,1.1,0
3,1,5,5.2,5,1.0,38.0,1.3,0
3,1,5,5.2,6,1.0,37.3,1.2,0
3,1,5,5.2,7,1.0,40.1,1.1,0
3,1,5,5.2,8,1.0,42.6,1.3,0
3,1,5,5.2,9,1.0,42.7,1.5,0
3,1,5,5.2,10,1.0,42.8,1.6,1
3,1,5,5.3,1,1.0,22.7,1.2,0
3,1,5,5.3,2,1.0,32.1,1.6,0
3,1,5,5.3,3,1.0,33.3,1.9,0
3,1,5,5.3,4,1.0,35.7,2.0,0
3,1,5,5.3,5,1.0,35.7,1.6,0
3,1,5,5.3,6,1.0,36.8,0.9,0
3,1,5,5.3,7,1.0,37.0,1.2,0
3,1,5,5.3,8,1.0,38.8,1.5,0
3,1,5,5.3,9,1.0,41.6,1.6,0
3,1,5,5.3,10,1.0,43.3,1.6,1
3,1,5,5.4,1,1.0,18.7,1.2,0
3,1,5,5.4,2,1.0,25.5,1.3,0
3,1,5,5.4,3,1.0,27.3,1.3,0
3,1,5,5.4,4,1.0,28.9,1.3,0
3,1,5,5.4,5,1.0,29.4,1.1,0
3,1,5,5.4,6,1.0,31.3,1.3,0
3,1,5,5.4,7,1.0,30.2,1.5,0
3,1,5,5.4,8,1.0,29.7,1.6,0
3,1,5,5.4,9,1.0,34.0,1.7,0
3,1,5,5.4,10,1.0,38.3,2.2,1
3,2,1,1.1,1,1.0,22.3,0.7,0
3,2,1,1.1,2,1.0,30.5,0.9,0
3,2,1,1.1,3,1.0,31.5,0.8,0
3,2,1,1.1,4,1.0,33.5,0.9,0
3,2,1,1.1,5,1.0,34.3,0.9,0
3,2,1,1.1,6,1.0,34.9,0.7,0
3,2,1,1.1,7,1.0,35.5,0.8,0
3,2,1,1.1,8,1.0,36.5,0.8,0
3,2,1,1.1,9,1.0,38.9,0.9,0
3,2,2,2.1,4,1.0,32.4,1.3,0
3,2,2,2.1,5,1.0,32.8,1.3,0
3,2,2,2.1,6,1.0,33.9,1.1,0
3,2,2,2.1,7,1.0,34.6,1.1,0
3,2,2,2.1,8,1.0,34.5,0.8,0
3,2,2,2.1,9,1.0,36.6,1.2,0
3,2,2,2.1,10,1.0,40.5,1.7,1
3,2,2,2.2,1,1.0,25.0,0.9,0
3,2,2,2.2,2,1.0,33.4,1.2,0
3,2,2,2.2,3,1.0,33.3,1.1,0
3,2,2,2.2,4,1.0,34.6,1.1,0
3,2,2,2.2,5,1.0,35.6,0.9,0
3,2,2,2.2,6,1.0,35.9,0.7,0
3,2,2,2.2,7,1.0,36.4,1.0,0
3,2,2,2.2,8,1.0,38.5,1.1,0
3,2,2,2.2,9,1.0,41.0,1.0,0
3,2,2,2.2,10,1.0,41.8,1.3,1
3,2,3,3.11,1,1.0,21.3,0.8,0
3,2,3,3.11,2,1.0,29.8,1.0,0
3,2,3,3.11,3,1.0,30.9,0.9,0
3,2,3,3.11,4,1.0,32.4,1.0,0
3,2,3,3.11,5,1.0,33.2,1.1,0
3,2,3,3.11,6,1.0,33.8,1.0,0
3,2,3,3.11,7,1.0,34.1,1.1,0
3,2,3,3.11,8,1.0,35.3,1.0,0
4,2,2,2.1,9,1.0,22.9,1.0,0
3,2,3,3.11,9,1.0,37.9,1.0,0
3,2,3,3.11,10,1.0,40.7,1.5,1
3,2,4,3.111,1,1.0,19.8,0.8,0
3,2,4,3.111,2,1.0,28.4,1.0,0
3,2,4,3.111,3,1.0,30.5,1.0,0
3,2,4,3.111,4,1.0,32.6,1.4,0
3,2,4,3.111,5,1.0,33.1,1.5,0
3,2,4,3.111,6,1.0,34.4,1.4,0
3,2,4,3.111,7,1.0,34.7,1.3,0
3,2,4,3.111,8,1.0,34.3,1.0,0
3,2,4,3.111,9,1.0,36.9,1.4,0
3,2,4,3.111,10,1.0,41.7,2.2,1
3,2,4,3.112,1,1.0,22.7,1.1,0
3,2,4,3.112,2,1.0,31.3,1.3,0
3,2,4,3.112,3,1.0,31.2,1.3,0
3,2,4,3.112,4,1.0,32.2,1.3,0
3,2,4,3.112,5,1.0,33.3,1.2,0
3,2,4,3.112,6,1.0,33.2,1.1,0
3,2,4,3.112,7,1.0,33.5,1.6,0
3,2,4,3.112,8,1.0,36.2,1.6,0
3,2,4,3.112,9,1.0,38.8,1.2,0
3,2,4,3.112,10,1.0,39.7,1.7,1
3,2,3,3.12,1,1.0,29.5,0.9,0
3,2,3,3.12,2,1.0,39.1,1.3,0
3,2,3,3.12,3,1.0,41.9,1.4,0
3,2,3,3.12,4,1.0,45.3,1.4,0
3,2,3,3.12,5,1.0,44.7,1.4,0
3,2,3,3.12,6,1.0,46.9,1.6,0
3,2,3,3.12,7,1.0,48.7,1.5,0
3,2,3,3.12,8,1.0,48.2,1.3,0
3,2,3,3.12,9,1.0,47.6,1.5,0
3,2,3,3.12,10,1.0,48.1,1.3,1
3,2,4,3.121,1,1.0,20.7,1.0,0
3,2,4,3.121,2,1.0,27.5,1.3,0
3,2,4,3.121,3,1.0,30.7,2.0,0
3,2,4,3.121,4,1.0,35.8,2.0,0
3,2,4,3.121,5,1.0,37.2,1.8,0
3,2,4,3.121,6,1.0,38.1,1.9,0
3,2,4,3.121,7,1.0,37.9,1.6,0
3,2,4,3.121,8,1.0,37.6,1.6,0
3,2,4,3.121,9,1.0,37.5,1.8,0
3,2,4,3.121,10,1.0,38.7,1.8,1
3,2,4,3.122,1,1.0,36.7,1.4,0
3,2,5,5.2,5,1.0,37.0,1.2,0
3,2,4,3.122,2,1.0,48.7,1.9,0
3,2,4,3.122,3,1.0,51.1,2.0,0
3,2,4,3.122,4,1.0,53.2,1.9,0
3,2,4,3.122,5,1.0,51.0,1.5,0
3,2,4,3.122,6,1.0,54.2,1.7,0
3,2,4,3.122,7,1.0,57.6,1.7,0
3,2,4,3.122,8,1.0,56.9,1.4,0
3,2,4,3.122,9,1.0,56.1,1.4,0
3,2,4,3.122,10,1.0,55.9,1.5,1
3,2,3,3.13,1,1.0,0.0,0.0,2
3,2,3,3.13,2,1.0,0.0,0.0,2
3,2,3,3.13,3,1.0,0.0,0.0,2
3,2,3,3.13,4,1.0,0.0,0.0,2
3,2,3,3.13,5,1.0,0.0,0.0,2
3,2,3,3.13,6,1.0,0.0,0.0,2
3,2,3,3.13,7,1.0,0.0,0.0,2
3,2,3,3.13,8,1.0,11.8,0.9,0
3,2,3,3.13,9,1.0,12.7,0.9,0
3,2,3,3.13,10,1.0,15.1,1.0,1
3,2,4,3.131,1,1.0,0.0,0.0,2
3,2,4,3.131,2,1.0,0.0,0.0,2
3,2,4,3.131,3,1.0,0.0,0.0,2
3,2,4,3.131,4,1.0,0.0,0.0,2
3,2,4,3.131,5,1.0,0.0,0.0,2
3,2,4,3.131,6,1.0,0.0,0.0,2
3,2,4,3.131,7,1.0,0.0,0.0,2
3,2,4,3.131,8,1.0,11.7,1.1,0
3,2,4,3.131,9,1.0,11.7,1.1,0
3,2,4,3.131,10,1.0,14.2,1.5,1
3,2,4,3.132,1,1.0,0.0,0.0,2
3,2,4,3.132,2,1.0,0.0,0.0,2
3,2,4,3.132,3,1.0,0.0,0.0,2
3,2,4,3.132,4,1.0,0.0,0.0,2
3,2,4,3.132,5,1.0,0.0,0.0,2
3,2,4,3.132,6,1.0,0.0,0.0,2
3,2,4,3.132,7,1.0,0.0,0.0,2
3,2,4,3.132,8,1.0,11.9,1.5,0
3,2,4,3.132,9,1.0,13.6,1.2,0
3,2,4,3.132,10,1.0,16.0,1.0,1
3,2,3,3.24,1,1.0,0.0,0.0,2
3,2,3,3.24,2,1.0,0.0,0.0,2
3,2,3,3.24,3,1.0,0.0,0.0,2
3,2,3,3.24,4,1.0,0.0,0.0,2
3,2,3,3.24,5,1.0,0.0,0.0,2
3,2,3,3.24,6,1.0,38.0,1.7,0
3,2,3,3.24,7,1.0,40.1,1.4,0
3,2,3,3.24,8,1.0,42.3,1.4,0
3,2,3,3.24,9,1.0,44.8,1.5,0
3,2,3,3.24,10,1.0,45.8,1.4,1
3,2,4,3.241,1,1.0,0.0,0.0,2
3,2,4,3.241,2,1.0,0.0,0.0,2
3,2,4,3.241,3,1.0,0.0,0.0,2
3,2,4,3.241,4,1.0,0.0,0.0,2
3,2,4,3.241,5,1.0,0.0,0.0,2
3,2,4,3.241,6,1.0,34.8,2.2,0
3,2,4,3.241,7,1.0,38.2,1.7,0
3,2,4,3.241,8,1.0,39.7,1.8,0
3,2,4,3.241,9,1.0,41.2,2.0,0
3,2,4,3.241,10,1.0,44.8,1.8,1
3,2,4,3.242,1,1.0,0.0,0.0,2
3,2,4,3.242,2,1.0,0.0,0.0,2
3,2,4,3.242,3,1.0,0.0,0.0,2
3,2,4,3.242,4,1.0,0.0,0.0,2
3,2,4,3.242,5,1.0,0.0,0.0,2
3,2,4,3.242,6,1.0,41.5,1.6,0
3,2,4,3.242,7,1.0,42.1,1.5,0
3,2,4,3.242,8,1.0,45.0,1.9,0
3,2,4,3.242,9,1.0,48.4,1.8,0
3,2,4,3.242,10,1.0,46.8,1.6,1
3,2,3,3.25,1,1.0,26.4,1.1,0
3,2,3,3.25,2,1.0,31.0,1.7,0
3,2,3,3.25,3,1.0,32.7,1.9,0
3,2,3,3.25,4,1.0,34.5,1.4,0
3,2,3,3.25,5,1.0,36.2,2.1,0
3,2,3,3.25,6,1.0,39.5,2.0,0
3,2,3,3.25,7,1.0,42.5,1.5,0
3,2,3,3.25,8,1.0,45.9,1.5,0
3,2,3,3.25,9,1.0,47.7,1.5,0
3,2,3,3.25,10,1.0,50.2,1.5,1
3,2,4,3.251,1,1.0,20.6,1.2,0
3,2,4,3.251,2,1.0,26.0,1.8,0
3,2,4,3.251,3,1.0,27.8,2.4,0
3,2,4,3.251,4,1.0,29.0,1.9,0
3,2,4,3.251,5,1.0,30.9,2.6,0
3,2,4,3.251,6,1.0,35.6,2.6,0
3,2,4,3.251,7,1.0,40.2,2.1,0
3,2,4,3.251,8,1.0,43.5,2.1,0
3,2,4,3.251,9,1.0,44.4,1.9,0
3,2,4,3.251,10,1.0,49.5,1.8,1
3,2,4,3.252,1,1.0,33.3,1.3,0
3,2,4,3.252,2,1.0,37.0,2.9,0
3,2,4,3.252,3,1.0,38.5,2.6,0
3,2,4,3.252,4,1.0,41.2,2.1,0
3,2,4,3.252,5,1.0,42.9,2.1,0
3,2,4,3.252,6,1.0,44.2,1.6,0
3,2,4,3.252,7,1.0,45.2,2.2,0
3,2,4,3.252,8,1.0,48.6,2.6,0
3,2,4,3.252,9,1.0,51.3,2.0,0
3,2,4,3.252,10,1.0,50.9,2.5,1
3,2,5,5.1,1,1.0,25.9,1.3,0
3,2,5,5.1,2,1.0,33.0,1.6,0
3,2,5,5.1,3,1.0,33.0,1.6,0
3,2,5,5.1,4,1.0,34.6,1.4,0
3,2,5,5.1,5,1.0,35.4,1.5,0
3,2,5,5.1,6,1.0,36.5,1.5,0
3,2,5,5.1,7,1.0,37.0,1.4,0
3,2,5,5.1,8,1.0,38.1,1.3,0
3,2,5,5.1,9,1.0,41.2,1.6,0
3,2,5,5.1,10,1.0,43.8,1.8,1
3,2,5,5.2,1,1.0,24.3,1.3,0
3,2,5,5.2,2,1.0,32.8,1.5,0
3,2,5,5.2,3,1.0,32.6,1.3,0
3,2,5,5.2,4,1.0,35.0,1.1,0
3,2,5,5.2,6,1.0,36.8,1.2,0
3,2,5,5.2,7,1.0,40.0,1.2,0
3,2,5,5.2,8,1.0,41.9,1.4,0
3,2,5,5.2,9,1.0,41.6,1.5,0
3,2,5,5.2,10,1.0,42.0,1.6,1
3,2,5,5.3,1,1.0,22.0,1.1,0
3,2,5,5.3,2,1.0,31.8,1.6,0
3,2,5,5.3,3,1.0,33.2,1.9,0
3,2,5,5.3,4,1.0,35.5,2.0,0
3,2,5,5.3,5,1.0,35.6,1.5,0
3,2,5,5.3,6,1.0,36.8,1.0,0
3,2,5,5.3,7,1.0,37.1,1.3,0
3,2,5,5.3,8,1.0,38.8,1.4,0
3,2,5,5.3,9,1.0,41.6,1.6,0
3,2,5,5.3,10,1.0,42.9,1.6,1
3,2,5,5.4,1,1.0,19.3,1.2,0
3,2,5,5.4,2,1.0,27.2,1.4,0
3,2,5,5.4,3,1.0,28.6,1.2,0
3,2,5,5.4,4,1.0,30.7,1.3,0
3,2,5,5.4,5,1.0,31.7,1.2,0
3,2,5,5.4,6,1.0,32.4,1.3,0
3,2,5,5.4,7,1.0,31.7,1.7,0
3,2,5,5.4,8,1.0,31.1,1.6,0
3,2,5,5.4,9,1.0,34.6,1.5,0
3,2,5,5.4,10,1.0,39.4,1.9,1
3,2,6,6.11,1,1.1,14.1,1.0,0
3,2,6,6.11,2,1.1,21.7,1.2,0
3,2,6,6.11,3,1.1,23.2,1.5,0
3,2,6,6.11,4,1.1,26.2,2.1,0
3,2,6,6.11,5,1.1,25.4,1.9,0
3,2,6,6.11,6,1.1,27.1,1.4,0
3,2,6,6.11,7,1.1,28.9,1.7,0
3,2,6,6.11,8,1.1,28.5,1.7,0
3,2,6,6.11,9,1.1,30.7,2.0,0
3,2,6,6.11,10,1.1,37.2,2.9,1
3,2,6,6.12,1,1.2,21.3,1.2,0
3,2,6,6.12,2,1.2,28.5,1.8,0
3,2,6,6.12,3,1.2,33.8,1.8,0
3,2,6,6.12,4,1.2,37.0,1.9,0
3,2,6,6.12,5,1.2,35.9,2.1,0
3,2,6,6.12,6,1.2,37.2,2.5,0
3,2,6,6.12,7,1.2,38.1,2.2,0
3,2,6,6.12,8,1.2,39.8,1.4,0
3,2,6,6.12,9,1.2,43.1,2.3,0
3,2,6,6.12,10,1.2,42.5,2.8,1
3,2,6,6.13,1,1.3,23.2,1.7,0
3,2,6,6.13,2,1.3,30.6,1.8,0
3,2,6,6.13,3,1.3,31.8,1.5,0
3,2,6,6.13,4,1.3,34.6,2.0,0
3,2,6,6.13,5,1.3,35.9,2.4,0
4,2,2,2.1,10,1.0,24.4,1.4,1
3,2,6,6.13,6,1.3,36.6,2.2,0
3,2,6,6.13,7,1.3,38.1,2.1,0
3,2,6,6.13,8,1.3,36.6,2.5,0
3,2,6,6.13,9,1.3,38.0,2.5,0
3,2,6,6.13,10,1.3,42.9,2.5,1
3,2,6,6.14,1,1.4,27.2,2.2,0
3,2,6,6.14,2,1.4,35.5,2.4,0
3,2,6,6.14,3,1.4,36.0,2.5,0
3,2,6,6.14,4,1.4,39.3,3.2,0
3,2,6,6.14,5,1.4,40.4,2.5,0
3,2,6,6.14,6,1.4,37.3,2.5,0
3,2,6,6.14,7,1.4,38.1,2.7,0
3,2,6,6.14,8,1.4,38.1,2.4,0
3,2,6,6.14,9,1.4,39.3,2.8,0
3,2,6,6.14,10,1.4,43.9,3.0,1
3,2,6,6.15,1,1.5,24.1,1.8,0
3,2,6,6.15,2,1.5,31.9,2.3,0
3,2,6,6.15,3,1.5,32.1,2.1,0
3,2,6,6.15,4,1.5,33.0,2.0,0
3,2,6,6.15,5,1.5,36.2,2.1,0
3,2,6,6.15,6,1.5,41.5,2.2,0
3,2,6,6.15,7,1.5,36.4,2.3,0
3,2,6,6.15,8,1.5,36.2,3.2,0
3,2,6,6.15,9,1.5,40.2,3.1,0
3,2,6,6.15,10,1.5,41.9,3.5,1
4,2,2,2.2,1,1.0,14.5,0.5,0
3,2,6,6.16,1,1.6,13.2,2.1,0
3,2,6,6.16,2,1.6,18.0,2.2,0
3,2,6,6.16,3,1.6,19.9,1.7,0
3,2,6,6.16,4,1.6,24.0,1.9,0
3,2,6,6.16,5,1.6,25.6,2.0,0
3,2,6,6.16,6,1.6,26.6,1.7,0
3,2,6,6.16,7,1.6,27.4,1.8,0
3,2,6,6.16,8,1.6,26.8,2.0,0
3,2,6,6.16,9,1.6,28.0,2.5,0
3,2,6,6.16,10,1.6,31.8,2.6,1
3,2,6,6.21,1,1.1,18.5,1.1,0
3,2,6,6.21,2,1.1,28.3,1.8,0
3,2,6,6.21,3,1.1,28.6,1.7,0
3,2,6,6.21,4,1.1,28.4,1.6,0
3,2,6,6.21,5,1.1,31.4,1.9,0
3,2,6,6.21,6,1.1,30.4,1.8,0
3,2,6,6.21,7,1.1,30.0,1.3,0
3,2,6,6.21,8,1.1,33.4,1.3,0
3,2,6,6.21,9,1.1,34.8,1.3,0
3,2,6,6.21,10,1.1,35.6,2.2,1
3,2,6,6.22,1,1.2,25.5,2.1,0
3,2,6,6.22,2,1.2,32.1,1.9,0
3,2,6,6.22,3,1.2,33.3,1.8,0
3,2,6,6.22,4,1.2,36.1,2.5,0
3,2,6,6.22,5,1.2,36.7,2.5,0
3,2,6,6.22,6,1.2,37.1,1.8,0
3,2,6,6.22,7,1.2,36.0,1.6,0
3,2,6,6.22,8,1.2,39.1,1.5,0
3,2,6,6.22,9,1.2,43.4,2.2,0
3,2,6,6.22,10,1.2,45.0,2.7,1
3,2,6,6.23,1,1.3,32.4,1.9,0
3,2,6,6.23,2,1.3,36.9,2.4,0
3,2,6,6.23,3,1.3,38.0,1.9,0
3,2,6,6.23,4,1.3,40.0,2.1,0
3,2,6,6.23,5,1.3,39.1,2.4,0
3,2,6,6.23,6,1.3,36.9,2.4,0
3,2,6,6.23,7,1.3,38.3,2.0,0
3,2,6,6.23,8,1.3,41.7,2.4,0
3,2,6,6.23,9,1.3,42.9,2.7,0
3,2,6,6.23,10,1.3,43.1,2.8,1
3,2,6,6.24,1,1.4,33.7,1.8,0
3,2,6,6.24,2,1.4,42.1,3.0,0
3,2,6,6.24,3,1.4,39.0,2.4,0
3,2,6,6.24,4,1.4,41.0,1.9,0
3,2,6,6.24,5,1.4,42.3,1.6,0
3,2,6,6.24,6,1.4,43.4,1.9,0
3,2,6,6.24,7,1.4,42.9,3.3,0
3,2,6,6.24,8,1.4,44.4,3.2,0
3,2,6,6.24,9,1.4,48.2,2.6,0
3,2,6,6.24,10,1.4,46.2,2.6,1
3,2,6,6.25,1,1.5,26.9,1.5,0
3,2,6,6.25,2,1.5,39.3,3.2,0
3,2,6,6.25,3,1.5,37.9,2.6,0
3,2,6,6.25,4,1.5,36.4,2.5,0
3,2,6,6.25,5,1.5,35.6,3.2,0
3,2,6,6.25,6,1.5,40.3,2.9,0
3,2,6,6.25,7,1.5,44.2,2.5,0
3,2,6,6.25,8,1.5,40.7,2.5,0
3,2,6,6.25,9,1.5,43.5,2.6,0
3,2,6,6.25,10,1.5,45.9,3.2,1
3,2,6,6.26,1,1.6,19.2,1.3,0
3,2,6,6.26,2,1.6,23.6,2.2,0
3,2,6,6.26,3,1.6,23.2,2.2,0
3,2,6,6.26,4,1.6,24.2,2.3,0
3,2,6,6.26,5,1.6,25.9,2.2,0
3,2,6,6.26,6,1.6,28.7,2.4,0
3,2,6,6.26,7,1.6,29.8,2.7,0
3,2,6,6.26,8,1.6,30.5,2.6,0
3,2,6,6.26,9,1.6,32.7,2.6,0
3,2,6,6.26,10,1.6,36.1,2.7,1
4,1,1,1.1,1,1.0,14.8,0.4,0
4,1,1,1.1,2,1.0,17.9,0.5,0
4,1,1,1.1,3,1.0,19.3,0.5,0
4,1,1,1.1,4,1.0,19.8,0.5,0
4,1,1,1.1,5,1.0,19.5,0.5,0
4,1,1,1.1,6,1.0,19.9,0.5,0
4,1,1,1.1,7,1.0,20.4,0.6,0
4,1,1,1.1,8,1.0,20.6,0.6,0
4,1,1,1.1,9,1.0,21.2,0.6,0
4,1,1,1.1,10,1.0,22.0,0.8,1
4,1,2,2.1,1,1.0,14.9,0.7,0
4,1,2,2.1,2,1.0,18.2,0.6,0
4,1,2,2.1,3,1.0,20.3,0.7,0
4,1,2,2.1,4,1.0,21.8,0.9,0
4,1,2,2.1,5,1.0,21.6,0.8,0
4,1,2,2.1,6,1.0,22.3,0.7,0
4,1,2,2.1,7,1.0,22.3,0.8,0
4,1,2,2.1,8,1.0,22.0,0.8,0
4,1,2,2.1,9,1.0,23.1,1.0,0
4,1,2,2.1,10,1.0,24.4,1.3,1
4,1,2,2.2,1,1.0,14.7,0.6,0
4,1,2,2.2,2,1.0,17.6,0.9,0
4,1,2,2.2,3,1.0,18.2,0.9,0
4,1,2,2.2,4,1.0,17.9,0.7,0
4,1,2,2.2,5,1.0,17.5,0.5,0
4,1,2,2.2,6,1.0,17.6,0.6,0
4,1,2,2.2,7,1.0,18.5,0.7,0
4,1,2,2.2,8,1.0,19.3,0.7,0
4,1,2,2.2,9,1.0,19.4,0.6,0
4,1,2,2.2,10,1.0,19.6,0.7,1
4,1,3,3.11,1,1.0,14.0,0.5,0
4,1,3,3.11,2,1.0,17.6,0.6,0
4,1,3,3.11,3,1.0,19.2,0.6,0
4,1,3,3.11,4,1.0,19.3,0.7,0
4,1,3,3.11,5,1.0,18.8,0.6,0
4,1,3,3.11,6,1.0,19.2,0.6,0
4,1,3,3.11,7,1.0,19.5,0.8,0
4,1,3,3.11,8,1.0,19.6,0.9,0
4,1,3,3.11,9,1.0,20.5,0.9,0
4,1,3,3.11,10,1.0,21.8,1.1,1
4,1,4,3.111,1,1.0,14.9,0.8,0
4,1,4,3.111,2,1.0,18.9,0.7,0
4,1,4,3.111,3,1.0,21.0,0.8,0
4,1,4,3.111,4,1.0,21.6,1.0,0
4,1,4,3.111,5,1.0,21.4,1.0,0
4,1,4,3.111,6,1.0,22.7,1.0,0
4,1,4,3.111,7,1.0,22.5,1.1,0
4,1,4,3.111,8,1.0,21.4,1.2,0
4,1,4,3.111,9,1.0,23.0,1.5,0
4,1,4,3.111,10,1.0,25.2,2.0,1
4,1,4,3.112,1,1.0,13.2,0.6,0
4,1,4,3.112,2,1.0,16.2,1.0,0
4,1,4,3.112,3,1.0,17.4,1.2,0
4,2,2,2.2,2,1.0,17.7,0.8,0
4,1,4,3.112,4,1.0,17.0,1.0,0
4,1,4,3.112,5,1.0,16.4,0.6,0
4,1,4,3.112,6,1.0,15.9,0.7,0
4,1,4,3.112,7,1.0,16.5,1.1,0
4,1,4,3.112,8,1.0,17.9,1.0,0
4,1,4,3.112,9,1.0,18.0,0.9,0
4,1,4,3.112,10,1.0,18.4,1.2,1
4,1,3,3.12,1,1.0,17.3,0.7,0
4,1,3,3.12,2,1.0,19.0,0.9,0
4,1,3,3.12,3,1.0,21.9,0.8,0
4,1,3,3.12,4,1.0,23.1,0.8,0
4,1,3,3.12,5,1.0,22.8,1.2,0
4,1,3,3.12,6,1.0,23.0,1.3,0
4,1,3,3.12,7,1.0,24.3,1.0,0
4,1,3,3.12,8,1.0,23.5,1.1,0
4,1,3,3.12,9,1.0,22.6,1.2,0
4,1,3,3.12,10,1.0,22.3,1.0,1
4,1,4,3.121,1,1.0,14.2,0.8,0
4,1,4,3.121,2,1.0,16.1,1.3,0
4,1,4,3.121,3,1.0,18.8,1.7,0
4,1,4,3.121,4,1.0,22.4,1.7,0
4,1,3,3.13,6,1.0,0.0,0.0,2
4,1,4,3.121,5,1.0,23.3,1.6,0
4,1,4,3.121,6,1.0,20.8,1.4,0
4,1,4,3.121,7,1.0,19.9,1.0,0
4,1,4,3.121,8,1.0,22.0,1.2,0
4,1,4,3.121,9,1.0,21.9,1.2,0
4,1,4,3.121,10,1.0,21.0,1.1,1
4,1,4,3.122,1,1.0,19.6,1.2,0
4,1,4,3.122,2,1.0,21.6,1.5,0
4,1,4,3.122,3,1.0,24.5,1.3,0
4,1,4,3.122,4,1.0,23.8,1.2,0
4,1,4,3.122,5,1.0,22.3,1.3,0
4,1,4,3.122,6,1.0,24.8,1.6,0
4,1,4,3.122,7,1.0,27.7,1.5,0
4,1,4,3.122,8,1.0,24.9,1.5,0
4,1,4,3.122,9,1.0,23.3,1.5,0
4,1,4,3.122,10,1.0,23.3,1.2,1
4,1,3,3.13,1,1.0,0.0,0.0,2
4,1,3,3.13,2,1.0,0.0,0.0,2
4,1,3,3.13,3,1.0,0.0,0.0,2
4,1,3,3.13,4,1.0,0.0,0.0,2
4,1,3,3.13,5,1.0,0.0,0.0,2
4,1,3,3.13,7,1.0,0.0,0.0,2
4,1,3,3.13,8,1.0,9.3,0.8,0
4,1,3,3.13,9,1.0,10.0,0.7,0
4,1,3,3.13,10,1.0,11.5,0.9,1
4,1,4,3.131,1,1.0,0.0,0.0,2
4,1,4,3.131,2,1.0,0.0,0.0,2
4,1,4,3.131,3,1.0,0.0,0.0,2
4,1,4,3.131,4,1.0,0.0,0.0,2
4,1,4,3.131,5,1.0,0.0,0.0,2
4,1,4,3.131,6,1.0,0.0,0.0,2
4,1,4,3.131,7,1.0,0.0,0.0,2
4,1,4,3.131,8,1.0,9.4,1.0,0
4,1,4,3.131,9,1.0,9.4,0.9,0
4,1,4,3.131,10,1.0,10.8,1.3,1
4,1,4,3.132,1,1.0,0.0,0.0,2
4,1,4,3.132,2,1.0,0.0,0.0,2
4,1,4,3.132,3,1.0,0.0,0.0,2
4,1,4,3.132,4,1.0,0.0,0.0,2
4,1,4,3.132,5,1.0,0.0,0.0,2
4,1,4,3.132,6,1.0,0.0,0.0,2
4,1,4,3.132,7,1.0,0.0,0.0,2
4,1,4,3.132,8,1.0,8.9,1.2,0
4,1,5,5.1,6,1.0,19.8,1.3,0
4,1,4,3.132,9,1.0,10.4,1.1,0
4,1,4,3.132,10,1.0,12.0,1.0,1
4,1,3,3.24,1,1.0,0.0,0.0,2
4,1,3,3.24,2,1.0,0.0,0.0,2
4,1,3,3.24,3,1.0,0.0,0.0,2
4,1,3,3.24,4,1.0,0.0,0.0,2
4,1,3,3.24,5,1.0,0.0,0.0,2
4,1,3,3.24,6,1.0,23.7,1.1,0
4,1,3,3.24,7,1.0,25.2,0.8,0
4,1,3,3.24,8,1.0,25.6,0.9,0
4,1,3,3.24,9,1.0,25.7,0.9,0
4,1,3,3.24,10,1.0,25.2,0.8,1
4,1,4,3.241,1,1.0,0.0,0.0,2
4,1,4,3.241,2,1.0,0.0,0.0,2
4,1,4,3.241,3,1.0,0.0,0.0,2
4,1,4,3.241,4,1.0,0.0,0.0,2
4,1,4,3.241,5,1.0,0.0,0.0,2
4,1,4,3.241,6,1.0,23.9,1.3,0
4,1,4,3.241,7,1.0,26.8,1.2,0
4,1,4,3.241,8,1.0,27.2,1.2,0
4,1,4,3.241,9,1.0,26.2,1.4,0
4,1,4,3.241,10,1.0,27.6,1.4,1
4,1,4,3.242,1,1.0,0.0,0.0,2
4,1,4,3.242,2,1.0,0.0,0.0,2
4,1,4,3.242,3,1.0,0.0,0.0,2
4,1,4,3.242,4,1.0,0.0,0.0,2
4,1,4,3.242,5,1.0,0.0,0.0,2
4,1,4,3.242,6,1.0,23.5,1.1,0
4,1,4,3.242,7,1.0,23.6,0.9,0
4,1,4,3.242,8,1.0,24.1,1.2,0
4,1,4,3.242,9,1.0,24.9,1.2,0
4,1,4,3.242,10,1.0,22.7,1.0,1
4,1,3,3.25,1,1.0,20.3,0.9,0
4,1,3,3.25,2,1.0,21.1,1.5,0
4,1,3,3.25,3,1.0,22.0,1.0,0
4,1,3,3.25,4,1.0,22.8,0.8,0
4,1,3,3.25,5,1.0,23.0,1.4,0
4,1,3,3.25,6,1.0,24.8,1.4,0
4,1,3,3.25,7,1.0,26.2,0.9,0
4,1,3,3.25,8,1.0,26.9,1.1,0
4,1,3,3.25,9,1.0,26.6,1.0,0
4,1,3,3.25,10,1.0,26.5,0.9,1
4,1,4,3.251,1,1.0,18.9,0.8,0
4,1,4,3.251,2,1.0,19.5,1.6,0
4,1,4,3.251,3,1.0,21.9,1.5,0
4,1,4,3.251,4,1.0,22.0,1.4,0
4,1,4,3.251,5,1.0,21.9,1.5,0
4,1,4,3.251,6,1.0,24.7,1.4,0
4,1,4,3.251,7,1.0,28.3,1.5,0
4,1,4,3.251,8,1.0,29.7,1.8,0
4,1,4,3.251,9,1.0,28.2,1.7,0
4,1,4,3.251,10,1.0,30.3,1.8,1
4,1,4,3.252,1,1.0,22.0,1.3,0
4,1,4,3.252,2,1.0,22.9,2.0,0
4,1,4,3.252,3,1.0,22.2,1.3,0
4,1,4,3.252,4,1.0,23.6,1.0,0
4,1,4,3.252,5,1.0,24.1,1.5,0
4,1,4,3.252,6,1.0,24.9,1.4,0
4,1,4,3.252,7,1.0,24.0,1.1,0
4,1,4,3.252,8,1.0,23.8,1.8,0
4,1,4,3.252,9,1.0,24.9,1.5,0
4,1,4,3.252,10,1.0,22.5,1.2,1
4,1,5,5.1,1,1.0,16.6,1.1,0
4,1,5,5.1,2,1.0,17.3,1.5,0
4,1,5,5.1,3,1.0,17.7,1.5,0
4,1,5,5.1,4,1.0,19.3,1.1,0
4,1,5,5.1,5,1.0,18.6,1.4,0
4,1,5,5.1,7,1.0,21.1,1.0,0
4,1,5,5.1,8,1.0,20.7,0.9,0
4,1,5,5.1,9,1.0,20.9,1.1,0
4,1,5,5.1,10,1.0,21.6,1.5,1
4,1,5,5.2,1,1.0,16.1,0.8,0
4,1,5,5.2,2,1.0,17.7,0.9,0
4,1,5,5.2,3,1.0,18.2,1.1,0
4,1,5,5.2,4,1.0,20.6,0.9,0
4,1,5,5.2,5,1.0,21.4,1.1,0
4,1,5,5.2,6,1.0,19.8,1.1,0
4,1,5,5.2,7,1.0,20.1,0.9,0
4,1,5,5.2,8,1.0,21.7,1.0,0
4,1,5,5.2,9,1.0,22.3,1.0,0
4,1,5,5.2,10,1.0,21.5,1.2,1
4,1,5,5.3,1,1.0,14.5,0.8,0
4,1,5,5.3,2,1.0,19.8,1.2,0
4,1,5,5.3,3,1.0,21.7,1.4,0
4,1,5,5.3,4,1.0,21.6,1.3,0
4,1,5,5.3,5,1.0,20.0,1.0,0
4,1,5,5.3,6,1.0,20.2,0.8,0
4,1,5,5.3,7,1.0,21.7,1.0,0
4,1,5,5.3,8,1.0,22.7,1.2,0
4,1,5,5.3,9,1.0,22.7,1.2,0
4,1,5,5.3,10,1.0,23.2,1.4,1
4,1,5,5.4,1,1.0,13.3,0.8,0
4,1,5,5.4,2,1.0,16.6,0.9,0
4,1,5,5.4,3,1.0,18.1,1.0,0
4,1,5,5.4,4,1.0,18.0,1.1,0
4,1,5,5.4,5,1.0,18.0,0.9,0
4,1,5,5.4,6,1.0,19.4,1.1,0
4,1,5,5.4,7,1.0,18.7,1.2,0
4,1,5,5.4,8,1.0,18.2,1.0,0
4,1,5,5.4,9,1.0,20.0,1.1,0
4,1,5,5.4,10,1.0,21.7,1.4,1
4,2,1,1.1,1,1.0,14.4,0.4,0
4,2,1,1.1,2,1.0,17.9,0.5,0
4,2,1,1.1,3,1.0,19.3,0.5,0
4,2,1,1.1,4,1.0,19.8,0.5,0
4,2,1,1.1,5,1.0,19.6,0.5,0
4,2,1,1.1,6,1.0,20.0,0.5,0
4,2,1,1.1,7,1.0,20.5,0.6,0
4,2,1,1.1,8,1.0,20.7,0.6,0
4,2,1,1.1,9,1.0,21.3,0.6,0
4,2,1,1.1,10,1.0,22.1,0.7,1
4,2,2,2.1,1,1.0,14.3,0.6,0
4,2,2,2.1,2,1.0,18.1,0.6,0
4,2,2,2.1,3,1.0,20.3,0.7,0
4,2,2,2.1,4,1.0,21.8,0.9,0
4,2,2,2.1,5,1.0,21.6,0.9,0
4,2,2,2.1,6,1.0,22.3,0.7,0
4,2,2,2.1,7,1.0,22.4,0.8,0
4,2,2,2.2,3,1.0,18.3,0.9,0
4,2,2,2.2,4,1.0,18.0,0.7,0
4,2,2,2.2,5,1.0,17.7,0.5,0
4,2,2,2.2,6,1.0,17.9,0.6,0
4,2,2,2.2,7,1.0,18.7,0.8,0
4,2,2,2.2,8,1.0,19.4,0.7,0
4,2,2,2.2,9,1.0,19.8,0.6,0
4,2,2,2.2,10,1.0,20.0,0.7,1
4,2,3,3.11,1,1.0,13.8,0.5,0
4,2,3,3.11,2,1.0,17.8,0.6,0
4,2,3,3.11,3,1.0,19.4,0.6,0
4,2,3,3.11,4,1.0,19.5,0.6,0
4,2,3,3.11,5,1.0,19.2,0.6,0
4,2,3,3.11,6,1.0,19.6,0.6,0
4,2,3,3.11,7,1.0,20.0,0.8,0
4,2,3,3.11,8,1.0,20.2,0.8,0
4,2,3,3.11,9,1.0,21.0,0.8,0
4,2,3,3.11,10,1.0,22.3,1.1,1
4,2,4,3.111,1,1.0,14.6,0.7,0
4,2,4,3.111,2,1.0,19.1,0.8,0
4,2,4,3.111,3,1.0,21.2,0.9,0
4,2,4,3.111,4,1.0,21.8,1.1,0
4,2,4,3.111,5,1.0,21.7,1.0,0
4,2,4,3.111,6,1.0,22.8,1.0,0
4,2,4,3.111,7,1.0,22.9,1.1,0
4,2,4,3.111,8,1.0,22.0,1.2,0
4,2,4,3.111,9,1.0,23.2,1.4,0
4,2,4,3.111,10,1.0,25.4,2.0,1
4,2,4,3.112,1,1.0,13.2,0.6,0
4,2,4,3.112,2,1.0,16.6,1.0,0
4,2,4,3.112,3,1.0,17.7,1.2,0
4,2,4,3.112,4,1.0,17.3,1.0,0
4,2,4,3.112,5,1.0,16.7,0.6,0
4,2,4,3.112,6,1.0,16.6,0.7,0
4,2,4,3.112,7,1.0,17.3,1.1,0
4,2,4,3.112,8,1.0,18.5,1.0,0
4,2,4,3.112,9,1.0,19.0,0.9,0
4,2,4,3.112,10,1.0,19.3,1.2,1
4,2,3,3.12,1,1.0,16.6,0.6,0
4,2,3,3.12,2,1.0,19.0,0.8,0
4,2,3,3.12,3,1.0,22.0,0.8,0
4,2,3,3.12,4,1.0,22.9,0.9,0
4,2,3,3.12,5,1.0,22.4,1.1,0
4,2,3,3.12,6,1.0,22.8,1.3,0
4,2,3,3.12,7,1.0,24.0,1.1,0
4,2,3,3.12,8,1.0,23.3,1.1,0
4,2,3,3.12,9,1.0,22.4,1.2,0
4,2,3,3.12,10,1.0,21.9,0.9,1
4,2,4,3.121,1,1.0,14.0,0.8,0
4,2,4,3.121,2,1.0,15.8,1.3,0
4,2,4,3.121,3,1.0,18.7,1.8,0
4,2,4,3.121,4,1.0,22.2,1.7,0
4,2,4,3.121,5,1.0,22.9,1.5,0
4,2,4,3.121,6,1.0,20.6,1.3,0
4,2,4,3.121,7,1.0,19.6,1.1,0
4,2,4,3.121,8,1.0,21.4,1.3,0
4,2,4,3.121,9,1.0,21.3,1.3,0
4,2,4,3.121,10,1.0,20.4,1.2,1
4,2,4,3.122,1,1.0,18.7,1.0,0
4,2,4,3.122,2,1.0,21.7,1.4,0
4,2,4,3.122,3,1.0,24.7,1.2,0
4,2,4,3.122,4,1.0,23.5,1.2,0
4,2,4,3.122,5,1.0,22.1,1.3,0
4,2,4,3.122,6,1.0,24.6,1.7,0
4,2,4,3.122,7,1.0,27.6,1.6,0
4,2,4,3.122,8,1.0,24.9,1.5,0
4,2,4,3.122,9,1.0,23.3,1.4,0
4,2,4,3.122,10,1.0,23.0,1.2,1
4,2,3,3.13,1,1.0,0.0,0.0,2
4,2,3,3.13,2,1.0,0.0,0.0,2
4,2,3,3.13,3,1.0,0.0,0.0,2
4,2,3,3.13,4,1.0,0.0,0.0,2
4,2,3,3.13,5,1.0,0.0,0.0,2
4,2,3,3.13,6,1.0,0.0,0.0,2
4,2,3,3.13,7,1.0,0.0,0.0,2
4,2,3,3.13,8,1.0,9.4,0.8,0
4,2,3,3.13,9,1.0,10.2,0.7,0
4,2,3,3.13,10,1.0,11.7,0.8,1
4,2,4,3.131,1,1.0,0.0,0.0,2
4,2,4,3.131,2,1.0,0.0,0.0,2
4,2,4,3.131,3,1.0,0.0,0.0,2
4,2,4,3.131,4,1.0,0.0,0.0,2
4,2,4,3.131,5,1.0,0.0,0.0,2
4,2,4,3.131,6,1.0,0.0,0.0,2
4,2,4,3.131,7,1.0,0.0,0.0,2
4,2,4,3.131,8,1.0,9.8,0.9,0
4,2,4,3.131,9,1.0,9.9,0.9,0
4,2,4,3.131,10,1.0,11.3,1.3,1
4,2,4,3.132,1,1.0,0.0,0.0,2
4,2,4,3.132,2,1.0,0.0,0.0,2
4,2,4,3.132,3,1.0,0.0,0.0,2
4,2,4,3.132,4,1.0,0.0,0.0,2
4,2,4,3.132,5,1.0,0.0,0.0,2
4,2,4,3.132,6,1.0,0.0,0.0,2
4,2,4,3.132,7,1.0,0.0,0.0,2
4,2,4,3.132,8,1.0,9.0,1.2,0
4,2,4,3.132,9,1.0,10.5,1.1,0
4,2,4,3.132,10,1.0,12.1,0.9,1
4,2,3,3.24,1,1.0,0.0,0.0,2
4,2,3,3.24,2,1.0,0.0,0.0,2
4,2,3,3.24,3,1.0,0.0,0.0,2
4,2,3,3.24,4,1.0,0.0,0.0,2
4,2,3,3.24,5,1.0,0.0,0.0,2
4,2,3,3.24,6,1.0,22.9,1.3,0
4,2,3,3.24,7,1.0,24.7,1.0,0
4,2,3,3.24,8,1.0,25.4,0.9,0
4,2,3,3.24,9,1.0,25.4,0.9,0
4,2,3,3.24,10,1.0,25.1,0.9,1
4,2,4,3.241,1,1.0,0.0,0.0,2
4,2,4,3.241,2,1.0,0.0,0.0,2
4,2,4,3.241,3,1.0,0.0,0.0,2
4,2,4,3.241,4,1.0,0.0,0.0,2
4,2,4,3.241,5,1.0,0.0,0.0,2
4,2,4,3.241,6,1.0,22.9,1.7,0
4,2,4,3.241,7,1.0,26.2,1.4,0
4,2,4,3.241,8,1.0,27.2,1.4,0
4,2,4,3.241,9,1.0,26.3,1.5,0
4,2,4,3.241,10,1.0,27.6,1.5,1
4,2,4,3.242,1,1.0,0.0,0.0,2
4,2,4,3.242,2,1.0,0.0,0.0,2
4,2,4,3.242,3,1.0,0.0,0.0,2
4,2,4,3.242,4,1.0,0.0,0.0,2
4,2,4,3.242,5,1.0,0.0,0.0,2
4,2,4,3.242,6,1.0,22.9,1.2,0
4,2,4,3.242,7,1.0,23.2,0.9,0
4,2,4,3.242,8,1.0,23.7,1.2,0
4,2,4,3.242,9,1.0,24.4,1.2,0
4,2,4,3.242,10,1.0,22.4,1.1,1
4,2,3,3.25,1,1.0,18.1,0.9,0
4,2,3,3.25,2,1.0,20.2,1.4,0
4,2,3,3.25,3,1.0,21.2,1.3,0
4,2,3,3.25,4,1.0,22.2,1.1,0
4,2,3,3.25,5,1.0,22.0,1.8,0
4,2,3,3.25,6,1.0,24.1,1.7,0
4,2,3,3.25,7,1.0,26.2,1.1,0
4,2,3,3.25,8,1.0,26.9,1.3,0
4,2,3,3.25,9,1.0,26.3,1.1,0
4,2,3,3.25,10,1.0,26.4,1.1,1
4,2,4,3.251,1,1.0,15.8,0.9,0
4,2,4,3.251,2,1.0,18.2,1.6,0
4,2,4,3.251,3,1.0,20.7,2.1,0
4,2,4,3.251,4,1.0,21.6,1.7,0
4,2,4,3.251,5,1.0,20.7,1.9,0
4,2,4,3.251,6,1.0,23.8,1.9,0
4,2,4,3.251,7,1.0,28.1,1.6,0
4,2,4,3.251,8,1.0,29.4,2.1,0
4,2,4,3.251,9,1.0,27.9,1.8,0
4,2,4,3.251,10,1.0,30.2,2.1,1
4,2,4,3.252,1,1.0,20.7,1.2,0
4,2,4,3.252,2,1.0,22.4,2.1,0
4,2,4,3.252,3,1.0,21.7,1.5,0
4,2,4,3.252,4,1.0,22.9,1.0,0
4,2,4,3.252,5,1.0,23.7,1.8,0
4,2,4,3.252,6,1.0,24.5,1.6,0
4,2,4,3.252,7,1.0,24.1,1.3,0
4,2,4,3.252,8,1.0,24.1,1.8,0
4,2,4,3.252,9,1.0,24.7,1.6,0
4,2,4,3.252,10,1.0,22.4,1.3,1
4,2,5,5.1,1,1.0,15.2,1.0,0
4,2,5,5.1,2,1.0,16.4,1.3,0
4,2,5,5.1,3,1.0,17.5,1.4,0
4,2,5,5.1,4,1.0,19.1,1.1,0
4,2,5,5.1,5,1.0,18.0,1.4,0
4,2,5,5.1,6,1.0,19.2,1.3,0
4,2,5,5.1,7,1.0,20.4,1.0,0
4,2,5,5.1,8,1.0,19.5,0.8,0
4,2,5,5.1,9,1.0,20.0,1.1,0
4,2,5,5.1,10,1.0,21.2,1.5,1
4,2,5,5.2,1,1.0,15.2,0.6,0
4,2,5,5.2,2,1.0,17.5,0.9,0
4,2,5,5.2,3,1.0,18.1,1.1,0
4,2,5,5.2,4,1.0,20.4,0.9,0
4,2,5,5.2,5,1.0,21.1,1.0,0
4,2,5,5.2,6,1.0,19.8,1.0,0
4,2,5,5.2,7,1.0,20.2,0.9,0
4,2,5,5.2,8,1.0,21.5,0.9,0
4,2,5,5.2,9,1.0,22.0,0.9,0
4,2,5,5.2,10,1.0,21.4,1.1,1
4,2,5,5.3,1,1.0,14.0,0.7,0
4,2,5,5.3,2,1.0,19.6,1.2,0
4,2,5,5.3,3,1.0,21.7,1.4,0
4,2,5,5.3,4,1.0,21.5,1.3,0
4,2,5,5.3,5,1.0,20.0,1.0,0
4,2,5,5.3,6,1.0,20.3,0.8,0
4,2,5,5.3,7,1.0,21.8,1.0,0
4,2,5,5.3,8,1.0,22.6,1.2,0
4,2,5,5.3,9,1.0,22.8,1.3,0
4,2,5,5.3,10,1.0,23.3,1.4,1
4,2,5,5.4,1,1.0,13.5,0.9,0
4,2,5,5.4,2,1.0,17.4,0.9,0
4,2,5,5.4,3,1.0,18.7,1.0,0
4,2,5,5.4,4,1.0,18.6,1.1,0
4,2,5,5.4,5,1.0,18.8,0.9,0
4,2,5,5.4,6,1.0,19.9,1.0,0
4,2,5,5.4,7,1.0,19.8,1.3,0
4,2,5,5.4,8,1.0,19.0,1.1,0
4,2,5,5.4,9,1.0,20.2,1.0,0
4,2,5,5.4,10,1.0,22.5,1.3,1
4,2,6,6.11,1,1.1,9.8,1.1,0
4,2,6,6.11,2,1.1,13.7,1.4,0
4,2,6,6.11,3,1.1,15.4,1.3,0
4,2,6,6.11,4,1.1,18.1,1.5,0
4,2,6,6.11,5,1.1,16.8,1.3,0
4,2,6,6.11,6,1.1,19.0,1.1,0
4,2,6,6.11,7,1.1,19.6,1.6,0
4,2,6,6.11,8,1.1,16.7,1.5,0
4,2,6,6.11,9,1.1,17.5,1.6,0
4,2,6,6.11,10,1.1,20.8,1.9,1
4,2,6,6.12,1,1.2,14.7,1.4,0
4,2,6,6.12,2,1.2,19.3,1.3,0
4,2,6,6.12,3,1.2,23.7,1.6,0
4,2,6,6.12,4,1.2,24.9,1.8,0
4,2,6,6.12,5,1.2,23.4,1.8,0
4,2,6,6.12,6,1.2,23.2,1.7,0
4,2,6,6.12,7,1.2,22.7,1.8,0
4,2,6,6.12,8,1.2,23.9,2.0,0
4,2,6,6.12,9,1.2,25.9,2.3,0
4,2,6,6.12,10,1.2,24.7,2.5,1
4,2,6,6.13,1,1.3,17.3,1.8,0
4,2,6,6.13,2,1.3,17.8,1.5,0
4,2,6,6.13,3,1.3,21.4,1.5,0
4,2,6,6.13,4,1.3,22.4,1.9,0
4,2,6,6.13,5,1.3,22.6,1.9,0
4,2,6,6.13,6,1.3,22.6,1.7,0
4,2,6,6.13,7,1.3,24.4,1.7,0
4,2,6,6.13,8,1.3,25.8,1.9,0
4,2,6,6.13,9,1.3,26.2,2.1,0
4,2,6,6.13,10,1.3,27.7,2.3,1
4,2,6,6.14,1,1.4,20.6,2.2,0
4,2,6,6.14,2,1.4,25.3,2.3,0
4,2,6,6.14,3,1.4,25.3,2.3,0
4,2,6,6.14,4,1.4,27.0,2.3,0
4,2,6,6.14,5,1.4,28.1,1.8,0
4,2,6,6.14,6,1.4,25.2,2.0,0
4,2,6,6.14,7,1.4,25.6,2.5,0
4,2,6,6.14,8,1.4,25.1,2.3,0
4,2,6,6.14,9,1.4,23.9,2.5,0
4,2,6,6.14,10,1.4,25.0,3.4,1
4,2,6,6.15,1,1.5,19.4,1.5,0
4,2,6,6.15,2,1.5,22.1,1.9,0
4,2,6,6.15,3,1.5,21.2,1.8,0
4,2,6,6.15,4,1.5,20.5,1.7,0
4,2,6,6.15,5,1.5,23.3,1.8,0
4,2,6,6.15,6,1.5,26.1,2.0,0
4,2,6,6.15,7,1.5,21.9,2.4,0
4,2,6,6.15,8,1.5,22.5,3.0,0
4,2,6,6.15,9,1.5,26.2,2.8,0
4,2,6,6.15,10,1.5,29.0,3.1,1
4,2,6,6.16,1,1.6,10.9,1.9,0
4,2,6,6.16,2,1.6,15.7,1.9,0
4,2,6,6.16,3,1.6,16.6,1.5,0
4,2,6,6.16,4,1.6,18.5,1.6,0
4,2,6,6.16,5,1.6,19.0,1.9,0
4,2,6,6.16,6,1.6,20.6,1.8,0
4,2,6,6.16,7,1.6,21.1,2.1,0
4,2,6,6.16,8,1.6,20.3,2.1,0
4,2,6,6.16,9,1.6,21.0,1.8,0
4,2,6,6.16,10,1.6,20.7,2.4,1
4,2,6,6.21,1,1.1,10.8,0.8,0
4,2,6,6.21,2,1.1,15.9,1.3,0
4,2,6,6.21,3,1.1,16.9,1.4,0
4,2,6,6.21,4,1.1,14.2,1.3,0
4,2,6,6.21,5,1.1,14.6,1.1,0
4,2,6,6.21,6,1.1,14.0,1.1,0
4,2,6,6.21,7,1.1,14.4,1.0,0
4,2,6,6.21,8,1.1,14.7,1.1,0
4,2,6,6.21,9,1.1,15.0,1.4,0
4,2,6,6.21,10,1.1,15.5,1.4,1
4,2,6,6.22,1,1.2,13.9,1.3,0
4,2,6,6.22,2,1.2,14.8,1.6,0
4,2,6,6.22,3,1.2,17.9,2.0,0
4,2,6,6.22,4,1.2,19.7,1.7,0
4,2,6,6.22,5,1.2,17.8,1.3,0
4,2,6,6.22,6,1.2,17.0,1.1,0
4,2,6,6.22,7,1.2,19.3,1.2,0
4,2,6,6.22,8,1.2,21.9,1.3,0
4,2,6,6.22,9,1.2,20.3,1.4,0
4,2,6,6.22,10,1.2,20.1,1.8,1
4,2,6,6.23,1,1.3,17.5,1.8,0
4,2,6,6.23,2,1.3,19.4,1.9,0
4,2,6,6.23,3,1.3,20.3,1.8,0
4,2,6,6.23,4,1.3,18.4,1.8,0
4,2,6,6.23,5,1.3,17.3,1.6,0
4,2,6,6.23,6,1.3,18.6,1.7,0
4,2,6,6.23,7,1.3,19.0,1.6,0
4,2,6,6.23,8,1.3,19.7,1.6,0
4,2,6,6.23,9,1.3,19.3,1.6,0
4,2,6,6.23,10,1.3,19.2,2.2,1
4,2,6,6.24,1,1.4,20.0,1.4,0
4,2,6,6.24,2,1.4,21.6,1.8,0
4,2,6,6.24,3,1.4,18.2,1.3,0
4,2,6,6.24,4,1.4,19.8,1.7,0
4,2,6,6.24,5,1.4,21.8,1.5,0
4,2,6,6.24,6,1.4,22.5,1.5,0
4,2,6,6.24,7,1.4,22.7,2.4,0
4,2,6,6.24,8,1.4,21.7,2.1,0
4,2,6,6.24,9,1.4,23.2,1.8,0
4,2,6,6.24,10,1.4,22.7,2.2,1
4,2,6,6.25,1,1.5,16.0,1.4,0
4,2,6,6.25,2,1.5,23.4,2.1,0
4,2,6,6.25,3,1.5,21.9,1.9,0
4,2,6,6.25,4,1.5,20.3,1.8,0
4,2,6,6.25,5,1.5,18.6,2.1,0
4,2,6,6.25,6,1.5,19.4,1.9,0
4,2,6,6.25,7,1.5,21.1,2.2,0
4,2,6,6.25,8,1.5,21.9,2.2,0
4,2,6,6.25,9,1.5,24.9,2.1,0
4,2,6,6.25,10,1.5,24.6,2.3,1
4,2,6,6.26,1,1.6,14.4,1.2,0
4,2,6,6.26,2,1.6,14.1,1.6,0
4,2,6,6.26,3,1.6,14.8,1.7,0
4,2,6,6.26,4,1.6,18.2,2.1,0
4,2,6,6.26,5,1.6,19.7,2.1,0
4,2,6,6.26,6,1.6,19.8,1.9,0
4,2,6,6.26,7,1.6,19.1,2.2,0
4,2,6,6.26,8,1.6,19.9,2.1,0
4,2,6,6.26,9,1.6,20.4,2.2,0
4,2,6,6.26,10,1.6,21.9,2.8,1
5,1,1,1.1,1,1.0,5.2,0.4,0
5,1,1,1.1,2,1.0,7.6,0.4,0
5,1,1,1.1,3,1.0,7.2,0.4,0
5,1,1,1.1,4,1.0,8.2,0.4,0
5,1,1,1.1,5,1.0,8.7,0.4,0
5,1,1,1.1,6,1.0,8.9,0.4,0
5,1,1,1.1,7,1.0,8.6,0.4,0
5,1,1,1.1,8,1.0,8.8,0.3,0
5,1,1,1.1,9,1.0,9.9,0.4,0
5,1,1,1.1,10,1.0,10.5,0.5,1
5,1,2,2.1,1,1.0,3.5,0.4,0
5,1,2,2.1,2,1.0,5.9,0.5,0
5,1,2,2.1,3,1.0,6.0,0.5,0
5,1,2,2.1,4,1.0,7.1,0.5,0
5,1,2,2.1,5,1.0,7.0,0.5,0
5,1,2,2.1,6,1.0,7.4,0.5,0
5,1,2,2.1,7,1.0,7.9,0.6,0
5,1,2,2.1,8,1.0,7.6,0.4,0
5,1,2,2.1,9,1.0,8.3,0.4,0
5,1,2,2.1,10,1.0,9.8,0.6,1
5,1,2,2.2,1,1.0,6.8,0.5,0
5,1,2,2.2,2,1.0,9.2,0.5,0
5,1,2,2.2,3,1.0,8.3,0.5,0
5,1,2,2.2,4,1.0,9.3,0.5,0
5,1,2,2.2,5,1.0,10.6,0.5,0
5,1,2,2.2,6,1.0,10.3,0.5,0
5,1,2,2.2,7,1.0,9.2,0.4,0
5,1,2,2.2,8,1.0,9.9,0.4,0
5,1,2,2.2,9,1.0,11.4,0.5,0
5,1,2,2.2,10,1.0,11.2,0.7,1
5,1,3,3.11,1,1.0,4.9,0.5,0
5,1,3,3.11,2,1.0,7.4,0.4,0
5,1,3,3.11,3,1.0,6.7,0.4,0
5,1,3,3.11,4,1.0,7.8,0.5,0
5,1,3,3.11,5,1.0,8.6,0.5,0
5,1,3,3.11,6,1.0,8.6,0.5,0
5,1,3,3.11,7,1.0,8.2,0.5,0
5,1,3,3.11,8,1.0,8.5,0.4,0
5,1,3,3.11,9,1.0,9.4,0.5,0
5,1,3,3.11,10,1.0,9.9,0.7,1
5,1,4,3.111,1,1.0,3.5,0.5,0
5,1,4,3.111,2,1.0,5.8,0.6,0
5,1,4,3.111,3,1.0,6.0,0.6,0
5,1,4,3.111,4,1.0,7.2,0.7,0
5,1,4,3.111,5,1.0,7.0,0.7,0
5,1,4,3.111,6,1.0,7.3,0.6,0
5,1,4,3.111,7,1.0,7.9,0.7,0
5,1,4,3.111,8,1.0,7.8,0.6,0
5,1,4,3.111,9,1.0,8.4,0.6,0
5,1,4,3.111,10,1.0,9.7,0.9,1
5,1,4,3.112,1,1.0,6.3,0.7,0
5,1,4,3.112,2,1.0,9.0,0.5,0
5,1,4,3.112,3,1.0,7.4,0.5,0
5,1,4,3.112,4,1.0,8.4,0.6,0
5,1,4,3.112,5,1.0,10.2,0.7,0
5,1,4,3.112,6,1.0,9.9,0.6,0
5,1,4,3.112,7,1.0,8.6,0.6,0
5,1,4,3.112,8,1.0,9.1,0.6,0
5,1,4,3.112,9,1.0,10.5,0.7,0
5,1,4,3.112,10,1.0,10.1,0.9,1
5,1,3,3.12,1,1.0,7.8,0.6,0
5,1,3,3.12,2,1.0,11.2,1.0,0
5,1,3,3.12,3,1.0,10.8,0.9,0
5,1,3,3.12,4,1.0,12.0,0.8,0
5,1,3,3.12,5,1.0,11.7,0.9,0
5,1,3,3.12,6,1.0,12.0,0.9,0
5,1,3,3.12,7,1.0,12.0,0.6,0
5,1,3,3.12,8,1.0,12.3,0.4,0
5,1,3,3.12,9,1.0,13.5,0.6,0
5,1,3,3.12,10,1.0,13.8,0.7,1
5,1,4,3.121,1,1.0,4.1,0.5,0
5,1,4,3.121,2,1.0,8.3,1.2,0
5,1,4,3.121,3,1.0,7.6,1.1,0
5,1,4,3.121,4,1.0,7.6,1.0,0
5,1,4,3.121,5,1.0,7.8,1.1,0
5,1,4,3.121,6,1.0,10.2,1.0,0
5,1,4,3.121,7,1.0,10.8,0.9,0
5,1,4,3.121,8,1.0,8.9,0.9,0
5,1,4,3.121,9,1.0,8.8,0.6,0
5,1,4,3.121,10,1.0,10.7,1.1,1
5,1,4,3.122,1,1.0,10.7,0.8,0
5,1,4,3.122,2,1.0,13.6,1.7,0
5,1,4,3.122,3,1.0,13.2,1.7,0
5,1,4,3.122,4,1.0,15.4,1.7,0
5,1,4,3.122,5,1.0,14.8,1.5,0
5,1,4,3.122,6,1.0,13.4,1.3,0
5,1,4,3.122,7,1.0,12.8,1.1,0
5,1,4,3.122,8,1.0,15.1,0.8,0
5,1,4,3.122,9,1.0,17.2,0.8,0
5,1,4,3.122,10,1.0,16.3,1.0,1
5,1,3,3.13,1,1.0,0.0,0.0,2
5,1,3,3.13,2,1.0,0.0,0.0,2
5,1,3,3.13,3,1.0,0.0,0.0,2
5,1,3,3.13,4,1.0,0.0,0.0,2
5,1,3,3.13,5,1.0,0.0,0.0,2
5,1,3,3.13,6,1.0,0.0,0.0,2
5,1,3,3.13,7,1.0,0.0,0.0,2
5,1,3,3.13,8,1.0,1.9,0.4,0
5,1,3,3.13,9,1.0,2.1,0.4,0
5,1,3,3.13,10,1.0,2.2,0.4,1
5,1,4,3.131,1,1.0,0.0,0.0,2
5,1,4,3.131,2,1.0,0.0,0.0,2
5,1,4,3.131,3,1.0,0.0,0.0,2
5,1,4,3.131,4,1.0,0.0,0.0,2
5,1,4,3.131,5,1.0,0.0,0.0,2
5,1,4,3.131,6,1.0,0.0,0.0,2
5,1,4,3.131,7,1.0,0.0,0.0,2
5,1,4,3.131,8,1.0,0.0,0.0,3
5,1,4,3.131,9,1.0,1.2,0.5,0
5,1,4,3.131,10,1.0,1.2,0.5,1
5,1,4,3.132,1,1.0,0.0,0.0,2
5,1,4,3.132,2,1.0,0.0,0.0,2
5,1,4,3.132,3,1.0,0.0,0.0,2
5,1,4,3.132,4,1.0,0.0,0.0,2
5,1,4,3.132,5,1.0,0.0,0.0,2
5,1,4,3.132,6,1.0,0.0,0.0,2
5,1,4,3.132,7,1.0,0.0,0.0,2
5,1,4,3.132,8,1.0,2.1,0.6,3
5,1,4,3.132,9,1.0,2.9,0.6,0
5,1,4,3.132,10,1.0,3.0,0.5,1
5,1,3,3.24,1,1.0,0.0,0.0,2
5,1,3,3.24,2,1.0,0.0,0.0,2
5,1,3,3.24,3,1.0,0.0,0.0,2
5,1,3,3.24,4,1.0,0.0,0.0,2
5,1,3,3.24,5,1.0,0.0,0.0,2
5,1,3,3.24,6,1.0,9.8,0.5,0
5,1,3,3.24,7,1.0,10.2,0.6,0
5,1,3,3.24,8,1.0,10.6,0.8,0
5,1,3,3.24,9,1.0,11.3,0.8,0
5,1,3,3.24,10,1.0,12.2,0.7,1
5,1,4,3.241,1,1.0,0.0,0.0,2
5,1,4,3.241,2,1.0,0.0,0.0,2
5,1,4,3.241,3,1.0,0.0,0.0,2
5,1,4,3.241,4,1.0,0.0,0.0,2
5,1,4,3.241,5,1.0,0.0,0.0,2
5,1,4,3.241,6,1.0,7.8,0.7,0
5,1,4,3.241,7,1.0,7.8,0.7,0
5,1,4,3.241,8,1.0,7.3,0.8,0
5,1,4,3.241,9,1.0,8.5,0.9,0
5,1,4,3.241,10,1.0,10.9,1.0,1
5,1,4,3.242,1,1.0,0.0,0.0,2
5,1,4,3.242,2,1.0,0.0,0.0,2
5,1,4,3.242,3,1.0,0.0,0.0,2
5,1,4,3.242,4,1.0,0.0,0.0,2
5,1,4,3.242,5,1.0,0.0,0.0,2
5,1,4,3.242,6,1.0,12.0,0.6,0
5,1,4,3.242,7,1.0,12.5,0.8,0
5,1,4,3.242,8,1.0,13.5,1.2,0
5,1,4,3.242,9,1.0,13.8,1.0,0
5,1,4,3.242,10,1.0,13.4,0.9,1
5,1,3,3.25,1,1.0,6.1,0.5,0
5,1,3,3.25,2,1.0,7.4,0.5,0
5,1,3,3.25,3,1.0,7.6,0.8,0
5,1,3,3.25,4,1.0,8.0,0.7,0
5,1,3,3.25,5,1.0,9.2,0.6,0
5,1,3,3.25,6,1.0,9.8,0.5,0
5,1,3,3.25,7,1.0,11.0,0.6,0
5,1,3,3.25,8,1.0,12.4,1.0,0
5,1,3,3.25,9,1.0,12.3,0.9,0
5,1,3,3.25,10,1.0,13.5,0.8,1
5,1,4,3.251,1,1.0,3.8,0.5,0
5,1,4,3.251,2,1.0,5.4,0.8,0
5,1,4,3.251,3,1.0,4.8,0.9,0
5,1,4,3.251,4,1.0,5.1,0.9,0
5,1,4,3.251,5,1.0,6.3,1.0,0
5,1,4,3.251,6,1.0,7.2,0.9,0
5,1,4,3.251,7,1.0,7.7,0.9,0
5,1,4,3.251,8,1.0,8.3,0.9,0
5,1,4,3.251,9,1.0,9.2,1.0,0
5,1,4,3.251,10,1.0,12.3,1.4,1
5,1,4,3.252,1,1.0,8.4,1.1,0
5,1,4,3.252,2,1.0,9.4,0.7,0
5,1,4,3.252,3,1.0,10.4,1.2,0
5,1,4,3.252,4,1.0,11.2,1.3,0
5,1,4,3.252,5,1.0,12.7,1.1,0
5,1,4,3.252,6,1.0,12.9,0.8,0
5,1,4,3.252,7,1.0,14.6,1.0,0
5,1,4,3.252,8,1.0,16.6,1.7,0
5,1,5,5.3,3,1.0,7.9,0.7,0
5,1,4,3.252,9,1.0,15.5,1.3,0
5,1,4,3.252,10,1.0,15.0,1.4,1
5,1,5,5.1,1,1.0,6.8,0.6,0
5,1,5,5.1,2,1.0,9.6,1.1,0
5,1,5,5.1,3,1.0,8.4,1.0,0
5,1,5,5.1,4,1.0,8.6,0.7,0
5,1,5,5.1,5,1.0,10.5,0.8,0
5,1,5,5.1,6,1.0,10.0,0.8,0
5,1,5,5.1,7,1.0,9.6,0.7,0
5,1,5,5.1,8,1.0,10.1,0.7,0
5,1,5,5.1,9,1.0,11.0,0.8,0
5,1,5,5.1,10,1.0,12.0,0.9,1
5,1,5,5.2,1,1.0,6.5,0.8,0
5,1,5,5.2,2,1.0,9.7,1.3,0
5,1,5,5.2,3,1.0,8.5,0.9,0
5,1,5,5.2,4,1.0,9.0,0.9,0
5,1,5,5.2,5,1.0,9.8,0.9,0
5,1,5,5.2,6,1.0,9.4,0.6,0
5,1,5,5.2,7,1.0,10.2,0.5,0
5,1,5,5.2,8,1.0,11.0,0.5,0
5,1,5,5.2,9,1.0,10.1,0.7,0
5,1,5,5.2,10,1.0,10.7,0.9,1
5,1,5,5.3,1,1.0,5.2,0.5,0
5,1,5,5.3,2,1.0,7.5,0.7,0
5,1,5,5.3,4,1.0,8.8,0.9,0
5,1,5,5.3,5,1.0,9.0,0.9,0
5,1,5,5.3,6,1.0,10.3,0.7,0
5,1,5,5.3,7,1.0,9.4,0.8,0
5,1,5,5.3,8,1.0,9.4,0.7,0
5,1,5,5.3,9,1.0,11.3,0.8,0
5,1,5,5.3,10,1.0,10.4,0.8,1
5,1,5,5.4,1,1.0,3.6,0.5,0
5,1,5,5.4,2,1.0,5.7,0.5,0
5,1,5,5.4,3,1.0,5.2,0.5,0
5,1,5,5.4,4,1.0,6.7,0.6,0
5,1,5,5.4,5,1.0,7.3,0.5,0
5,1,5,5.4,6,1.0,7.6,0.4,0
5,1,5,5.4,7,1.0,7.1,0.5,0
5,1,5,5.4,8,1.0,6.5,0.6,0
5,1,5,5.4,9,1.0,8.1,0.8,0
5,1,5,5.4,10,1.0,10.2,1.0,1
5,2,1,1.1,1,1.0,5.1,0.4,0
5,2,1,1.1,2,1.0,7.7,0.4,0
5,2,1,1.1,3,1.0,7.2,0.4,0
5,2,1,1.1,4,1.0,8.2,0.4,0
5,2,1,1.1,5,1.0,8.8,0.4,0
5,2,1,1.1,6,1.0,8.8,0.3,0
5,2,1,1.1,7,1.0,8.6,0.3,0
5,2,1,1.1,8,1.0,8.8,0.3,0
5,2,1,1.1,9,1.0,9.9,0.4,0
5,2,1,1.1,10,1.0,10.7,0.5,1
5,2,2,2.1,1,1.0,3.5,0.4,0
5,2,2,2.1,2,1.0,6.0,0.5,0
5,2,2,2.1,3,1.0,6.0,0.5,0
5,2,2,2.1,4,1.0,7.0,0.5,0
5,2,2,2.1,5,1.0,7.0,0.5,0
5,2,2,2.1,6,1.0,7.3,0.5,0
5,2,2,2.1,7,1.0,7.8,0.6,0
5,2,2,2.1,8,1.0,7.5,0.4,0
5,2,2,2.1,9,1.0,8.2,0.4,0
5,2,2,2.1,10,1.0,9.9,0.7,1
5,2,2,2.2,1,1.0,6.6,0.5,0
5,2,2,2.2,2,1.0,9.3,0.5,0
5,2,2,2.2,3,1.0,8.4,0.5,0
5,2,2,2.2,4,1.0,9.4,0.5,0
5,2,2,2.2,5,1.0,10.5,0.5,0
5,2,2,2.2,6,1.0,10.3,0.4,0
5,2,2,2.2,7,1.0,9.4,0.4,0
5,2,2,2.2,8,1.0,10.1,0.4,0
5,2,2,2.2,9,1.0,11.5,0.5,0
5,2,2,2.2,10,1.0,11.4,0.7,1
5,2,3,3.11,1,1.0,4.8,0.5,0
5,2,3,3.11,2,1.0,7.5,0.4,0
5,2,3,3.11,3,1.0,6.9,0.4,0
5,2,3,3.11,4,1.0,8.0,0.5,0
5,2,3,3.11,5,1.0,8.7,0.5,0
5,2,3,3.11,6,1.0,8.7,0.4,0
5,2,3,3.11,7,1.0,8.4,0.4,0
5,2,3,3.11,8,1.0,8.5,0.4,0
5,2,3,3.11,9,1.0,9.4,0.5,0
5,2,3,3.11,10,1.0,10.3,0.6,1
5,2,4,3.111,1,1.0,3.4,0.5,0
5,2,4,3.111,2,1.0,5.9,0.7,0
5,2,4,3.111,3,1.0,6.1,0.7,0
5,2,4,3.111,4,1.0,7.4,0.7,0
5,2,4,3.111,5,1.0,7.2,0.7,0
5,2,4,3.111,6,1.0,7.4,0.6,0
5,2,4,3.111,7,1.0,7.8,0.7,0
5,2,4,3.111,8,1.0,7.6,0.6,0
5,2,4,3.111,9,1.0,8.2,0.6,0
5,2,4,3.111,10,1.0,10.1,0.9,1
5,2,4,3.112,1,1.0,6.2,0.6,0
5,2,4,3.112,2,1.0,9.1,0.5,0
5,2,4,3.112,3,1.0,7.7,0.5,0
5,2,4,3.112,4,1.0,8.5,0.6,0
5,2,4,3.112,5,1.0,10.0,0.6,0
5,2,4,3.112,6,1.0,9.9,0.6,0
5,2,4,3.112,7,1.0,8.9,0.6,0
5,2,4,3.112,8,1.0,9.4,0.6,0
5,2,4,3.112,9,1.0,10.6,0.7,0
5,2,4,3.112,10,1.0,10.6,0.9,1
5,2,3,3.12,1,1.0,7.6,0.6,0
5,2,3,3.12,2,1.0,11.1,1.0,0
5,2,3,3.12,3,1.0,10.4,0.9,0
5,2,3,3.12,4,1.0,11.7,0.8,0
5,2,3,3.12,5,1.0,11.6,0.9,0
5,2,3,3.12,6,1.0,11.9,0.9,0
5,2,3,3.12,7,1.0,12.1,0.6,0
5,2,3,3.12,8,1.0,12.5,0.4,0
5,2,3,3.12,9,1.0,13.4,0.6,0
5,2,3,3.12,10,1.0,13.8,0.7,1
5,2,4,3.121,1,1.0,4.2,0.5,0
5,2,4,3.121,2,1.0,8.2,1.3,0
5,2,4,3.121,3,1.0,7.4,1.1,0
5,2,4,3.121,4,1.0,7.5,0.9,0
5,2,4,3.121,5,1.0,7.7,1.0,0
5,2,4,3.121,6,1.0,10.2,1.0,0
5,2,4,3.121,7,1.0,11.1,1.0,0
5,2,4,3.121,8,1.0,9.1,0.8,0
5,2,4,3.121,9,1.0,8.8,0.6,0
5,2,4,3.121,10,1.0,10.6,1.1,1
5,2,4,3.122,1,1.0,10.4,0.8,0
5,2,4,3.122,2,1.0,13.5,1.7,0
5,2,4,3.122,3,1.0,12.9,1.6,0
5,2,4,3.122,4,1.0,15.3,1.7,0
5,2,4,3.122,5,1.0,14.8,1.5,0
5,2,4,3.122,6,1.0,13.3,1.3,0
5,2,4,3.122,7,1.0,12.9,1.1,0
5,2,4,3.122,8,1.0,15.4,0.8,0
5,2,4,3.122,9,1.0,17.3,0.8,0
5,2,4,3.122,10,1.0,16.4,1.0,1
5,2,3,3.13,1,1.0,0.0,0.0,2
5,2,3,3.13,2,1.0,0.0,0.0,2
5,2,3,3.13,3,1.0,0.0,0.0,2
5,2,3,3.13,4,1.0,0.0,0.0,2
5,2,3,3.13,5,1.0,0.0,0.0,2
5,2,3,3.13,6,1.0,0.0,0.0,2
5,2,3,3.13,7,1.0,0.0,0.0,2
5,2,3,3.13,8,1.0,1.9,0.3,0
5,2,3,3.13,9,1.0,2.2,0.4,0
5,2,3,3.13,10,1.0,2.2,0.4,1
5,2,4,3.131,1,1.0,0.0,0.0,2
5,2,4,3.131,2,1.0,0.0,0.0,2
5,2,5,5.2,5,1.0,9.3,0.9,0
5,2,4,3.131,3,1.0,0.0,0.0,2
5,2,4,3.131,4,1.0,0.0,0.0,2
5,2,4,3.131,5,1.0,0.0,0.0,2
5,2,4,3.131,6,1.0,0.0,0.0,2
5,2,4,3.131,7,1.0,0.0,0.0,2
5,2,4,3.131,8,1.0,0.0,0.0,3
5,2,4,3.131,9,1.0,1.4,0.5,0
5,2,4,3.131,10,1.0,1.3,0.5,1
5,2,4,3.132,1,1.0,0.0,0.0,2
5,2,4,3.132,2,1.0,0.0,0.0,2
5,2,4,3.132,3,1.0,0.0,0.0,2
5,2,4,3.132,4,1.0,0.0,0.0,2
5,2,4,3.132,5,1.0,0.0,0.0,2
5,2,4,3.132,6,1.0,0.0,0.0,2
5,2,4,3.132,7,1.0,0.0,0.0,2
5,2,4,3.132,8,1.0,2.1,0.6,3
5,2,4,3.132,9,1.0,2.9,0.6,0
5,2,4,3.132,10,1.0,3.0,0.5,1
5,2,3,3.24,1,1.0,0.0,0.0,2
5,2,3,3.24,2,1.0,0.0,0.0,2
5,2,3,3.24,3,1.0,0.0,0.0,2
5,2,3,3.24,4,1.0,0.0,0.0,2
5,2,3,3.24,5,1.0,0.0,0.0,2
5,2,3,3.24,6,1.0,9.7,0.5,0
5,2,3,3.24,7,1.0,9.9,0.6,0
5,2,3,3.24,8,1.0,10.3,0.8,0
5,2,3,3.24,9,1.0,11.2,0.8,0
5,2,3,3.24,10,1.0,12.1,0.7,1
5,2,4,3.241,1,1.0,0.0,0.0,2
5,2,4,3.241,2,1.0,0.0,0.0,2
5,2,4,3.241,3,1.0,0.0,0.0,2
5,2,4,3.241,4,1.0,0.0,0.0,2
5,2,4,3.241,5,1.0,0.0,0.0,2
5,2,4,3.241,6,1.0,7.6,0.8,0
5,2,4,3.241,7,1.0,7.8,0.8,0
5,2,4,3.241,8,1.0,7.6,0.9,0
5,2,4,3.241,9,1.0,9.0,1.0,0
5,2,4,3.241,10,1.0,11.2,1.1,1
5,2,4,3.242,1,1.0,0.0,0.0,2
5,2,4,3.242,2,1.0,0.0,0.0,2
5,2,4,3.242,3,1.0,0.0,0.0,2
5,2,4,3.242,4,1.0,0.0,0.0,2
5,2,4,3.242,5,1.0,0.0,0.0,2
5,2,4,3.242,6,1.0,12.0,0.6,0
5,2,4,3.242,7,1.0,12.2,0.8,0
5,2,4,3.242,8,1.0,13.1,1.2,0
5,2,4,3.242,9,1.0,13.4,1.0,0
5,2,4,3.242,10,1.0,13.0,0.9,1
5,2,3,3.25,1,1.0,5.6,0.4,0
5,2,3,3.25,2,1.0,6.8,0.5,0
5,2,3,3.25,3,1.0,7.0,0.9,0
5,2,3,3.25,4,1.0,7.6,0.8,0
5,2,3,3.25,5,1.0,8.9,0.6,0
5,2,3,3.25,6,1.0,9.7,0.6,0
5,2,3,3.25,7,1.0,10.6,0.6,0
5,2,3,3.25,8,1.0,11.7,1.0,0
5,2,3,3.25,9,1.0,12.2,0.9,0
5,2,3,3.25,10,1.0,13.5,0.9,1
5,2,4,3.251,1,1.0,3.7,0.6,0
5,2,4,3.251,2,1.0,5.1,0.7,0
5,2,4,3.251,3,1.0,4.6,0.9,0
5,2,4,3.251,4,1.0,4.7,0.9,0
5,2,4,3.251,5,1.0,5.6,1.1,0
5,2,4,3.251,6,1.0,7.0,1.1,0
5,2,4,3.251,7,1.0,7.8,1.1,0
5,2,4,3.251,8,1.0,8.6,1.1,0
5,2,4,3.251,9,1.0,9.7,1.1,0
5,2,4,3.251,10,1.0,12.5,1.5,1
5,2,4,3.252,1,1.0,7.9,0.8,0
5,2,4,3.252,2,1.0,8.8,0.8,0
5,2,4,3.252,3,1.0,9.8,1.3,0
5,2,4,3.252,4,1.0,11.2,1.4,0
5,2,4,3.252,5,1.0,12.9,1.0,0
5,2,4,3.252,6,1.0,13.0,0.8,0
5,2,4,3.252,7,1.0,13.7,1.1,0
5,2,4,3.252,8,1.0,15.2,1.6,0
5,2,4,3.252,9,1.0,14.9,1.4,0
5,2,4,3.252,10,1.0,14.6,1.4,1
5,2,5,5.1,1,1.0,6.3,0.6,0
5,2,5,5.1,2,1.0,9.5,1.1,0
5,2,5,5.1,3,1.0,8.3,0.9,0
5,2,5,5.1,4,1.0,8.4,0.7,0
5,2,5,5.1,5,1.0,10.3,0.8,0
5,2,5,5.1,6,1.0,9.7,0.8,0
5,2,5,5.1,7,1.0,9.4,0.7,0
5,2,5,5.1,8,1.0,10.1,0.8,0
5,2,5,5.1,9,1.0,10.8,0.8,0
5,2,5,5.1,10,1.0,12.1,0.9,1
5,2,5,5.2,1,1.0,6.2,0.8,0
5,2,5,5.2,2,1.0,8.9,1.2,0
5,2,5,5.2,3,1.0,7.9,0.9,0
5,2,5,5.2,4,1.0,8.7,0.8,0
5,2,5,5.2,6,1.0,9.2,0.6,0
5,2,5,5.2,7,1.0,10.1,0.5,0
5,2,5,5.2,8,1.0,10.8,0.6,0
5,2,5,5.2,9,1.0,9.9,0.7,0
5,2,5,5.2,10,1.0,10.7,1.0,1
5,2,5,5.3,1,1.0,5.1,0.5,0
5,2,5,5.3,2,1.0,7.5,0.7,0
5,2,5,5.3,3,1.0,7.9,0.7,0
5,2,5,5.3,4,1.0,8.8,0.9,0
5,2,5,5.3,5,1.0,8.9,0.9,0
5,2,5,5.3,6,1.0,10.1,0.7,0
5,2,5,5.3,7,1.0,9.3,0.8,0
5,2,5,5.3,8,1.0,9.4,0.7,0
5,2,5,5.3,9,1.0,11.3,0.8,0
5,2,5,5.3,10,1.0,10.4,0.7,1
5,2,5,5.4,1,1.0,3.8,0.6,0
5,2,5,5.4,2,1.0,6.4,0.6,0
5,2,5,5.4,3,1.0,5.7,0.5,0
5,2,5,5.4,4,1.0,7.4,0.5,0
5,2,5,5.4,5,1.0,8.2,0.5,0
5,2,5,5.4,6,1.0,7.9,0.4,0
5,2,5,5.4,7,1.0,7.4,0.6,0
5,2,5,5.4,8,1.0,6.5,0.6,0
5,2,5,5.4,9,1.0,8.2,0.7,0
5,2,5,5.4,10,1.0,10.6,0.9,1
5,2,6,6.11,1,1.1,2.9,0.5,0
5,2,6,6.11,2,1.1,4.1,0.7,0
5,2,6,6.11,3,1.1,4.3,0.8,0
5,2,6,6.11,4,1.1,4.5,0.9,0
5,2,6,6.11,5,1.1,4.4,0.7,0
5,2,6,6.11,6,1.1,4.7,0.5,0
5,2,6,6.11,7,1.1,6.3,0.7,0
5,2,6,6.11,8,1.1,7.0,0.7,0
5,2,6,6.11,9,1.1,7.0,0.8,0
5,2,6,6.11,10,1.1,9.8,1.2,1
5,2,6,6.12,1,1.2,3.5,0.9,3
5,2,6,6.12,2,1.2,5.9,0.9,0
5,2,6,6.12,3,1.2,6.7,1.0,0
5,2,6,6.12,4,1.2,7.9,1.1,0
5,2,6,6.12,5,1.2,7.6,1.1,0
5,2,6,6.12,6,1.2,8.8,1.3,0
5,2,6,6.12,7,1.2,9.7,1.5,0
5,2,6,6.12,8,1.2,10.3,1.3,0
5,2,6,6.12,9,1.2,10.9,1.3,0
5,2,6,6.12,10,1.2,10.4,1.3,1
5,2,6,6.13,1,1.3,3.5,0.8,3
5,2,6,6.13,2,1.3,8.5,1.3,0
5,2,6,6.13,3,1.3,6.5,1.3,0
5,2,6,6.13,4,1.3,8.3,1.3,0
5,2,6,6.13,5,1.3,9.3,1.3,0
5,2,6,6.13,6,1.3,8.9,1.4,0
5,2,6,6.13,7,1.3,8.2,1.3,0
5,2,6,6.13,8,1.3,6.1,1.0,0
5,2,6,6.13,9,1.3,6.6,1.1,0
5,2,6,6.13,10,1.3,7.8,1.4,1
5,2,6,6.14,1,1.4,5.5,1.0,0
5,2,6,6.14,2,1.4,7.4,1.5,3
5,2,6,6.14,3,1.4,7.6,1.5,0
5,2,6,6.14,4,1.4,8.4,1.6,0
5,2,6,6.14,5,1.4,6.6,1.2,0
5,2,6,6.14,6,1.4,6.7,0.8,0
5,2,6,6.14,7,1.4,7.1,1.2,0
5,2,6,6.14,8,1.4,6.8,1.2,0
5,2,6,6.14,9,1.4,9.0,1.7,0
5,2,6,6.14,10,1.4,12.2,2.2,1
5,2,6,6.15,1,1.5,3.8,0.8,3
5,2,6,6.15,2,1.5,6.9,1.3,0
5,2,6,6.15,3,1.5,8.5,1.4,0
5,2,6,6.15,4,1.5,10.3,1.5,0
5,2,6,6.15,5,1.5,10.2,1.4,0
5,2,6,6.15,6,1.5,11.8,1.7,0
5,2,6,6.15,7,1.5,10.8,1.6,0
5,2,6,6.15,8,1.5,8.9,1.8,0
5,2,6,6.15,9,1.5,10.1,2.1,0
5,2,6,6.15,10,1.5,9.7,1.9,1
5,2,6,6.16,1,1.6,0.0,0.0,3
5,2,6,6.16,2,1.6,0.0,0.0,3
5,2,6,6.16,3,1.6,2.7,0.7,3
5,2,6,6.16,4,1.6,3.9,1.1,3
5,2,6,6.16,5,1.6,5.0,1.1,3
5,2,6,6.16,6,1.6,4.6,0.9,0
5,2,6,6.16,7,1.6,4.7,1.3,3
5,2,6,6.16,8,1.6,4.9,1.2,3
5,2,6,6.16,9,1.6,0.0,0.0,3
5,2,6,6.16,10,1.6,8.9,2.1,1
5,2,6,6.21,1,1.1,5.1,0.6,0
5,2,6,6.21,2,1.1,8.0,1.1,0
5,2,6,6.21,3,1.1,6.1,0.9,0
5,2,6,6.21,4,1.1,7.9,0.9,0
5,2,6,6.21,5,1.1,10.1,1.3,0
5,2,6,6.21,6,1.1,8.6,1.1,0
5,2,6,6.21,7,1.1,7.9,0.7,0
5,2,6,6.21,8,1.1,9.6,0.9,0
5,2,6,6.21,9,1.1,10.7,1.0,0
5,2,6,6.21,10,1.1,10.0,1.5,1
5,2,6,6.22,1,1.2,7.1,1.1,0
5,2,6,6.22,2,1.2,9.4,1.4,0
5,2,6,6.22,3,1.2,7.6,1.2,0
5,2,6,6.22,4,1.2,9.2,1.5,0
5,2,6,6.22,5,1.2,12.5,1.8,0
5,2,6,6.22,6,1.2,12.6,1.3,0
5,2,6,6.22,7,1.2,8.4,0.9,0
5,2,6,6.22,8,1.2,8.1,1.0,0
5,2,6,6.22,9,1.2,11.0,1.2,0
5,2,6,6.22,10,1.2,11.3,1.4,1
5,2,6,6.23,1,1.3,8.4,1.3,0
5,2,6,6.23,2,1.3,10.4,1.1,0
5,2,6,6.23,3,1.3,10.6,1.1,0
5,2,6,6.23,4,1.3,12.4,1.2,0
5,2,6,6.23,5,1.3,12.3,1.3,0
5,2,6,6.23,6,1.3,10.6,1.0,0
5,2,6,6.23,7,1.3,10.7,1.1,0
5,2,6,6.23,8,1.3,11.5,1.3,0
5,2,6,6.23,9,1.3,12.6,1.1,0
5,2,6,6.23,10,1.3,10.8,0.9,1
5,2,6,6.24,1,1.4,9.4,1.3,0
5,2,6,6.24,2,1.4,10.9,1.7,0
5,2,6,6.24,3,1.4,11.0,1.9,0
5,2,6,6.24,4,1.4,11.4,1.7,0
5,2,6,6.24,5,1.4,10.3,1.2,0
5,2,6,6.24,6,1.4,11.5,1.4,0
5,2,6,6.24,7,1.4,11.1,1.7,0
5,2,6,6.24,8,1.4,11.2,1.4,0
5,2,6,6.24,9,1.4,12.3,1.5,0
5,2,6,6.24,10,1.4,12.9,1.7,1
5,2,6,6.25,1,1.5,6.7,1.1,0
5,2,6,6.25,2,1.5,9.8,1.2,0
5,2,6,6.25,3,1.5,10.2,1.4,0
5,2,6,6.25,4,1.5,9.6,1.3,0
5,2,6,6.25,5,1.5,10.3,1.6,0
5,2,6,6.25,6,1.5,11.7,1.8,0
5,2,6,6.25,7,1.5,12.3,1.6,0
5,2,6,6.25,8,1.5,12.4,1.2,0
5,2,6,6.25,9,1.5,13.0,1.7,0
5,2,6,6.25,10,1.5,14.7,1.9,1
5,2,6,6.26,1,1.6,3.7,0.6,0
5,2,6,6.26,2,1.6,7.2,1.4,0
5,2,6,6.26,3,1.6,6.0,1.2,3
5,2,6,6.26,4,1.6,3.9,0.9,3
5,2,6,6.26,5,1.6,3.5,0.7,0
5,2,6,6.26,6,1.6,5.5,1.0,0
5,2,6,6.26,7,1.6,6.6,1.2,0
5,2,6,6.26,8,1.6,7.4,1.1,0
5,2,6,6.26,9,1.6,8.8,1.3,0
5,2,6,6.26,10,1.6,9.1,1.6,1
6,1,1,1.1,1,1.0,2.9,0.2,0
6,1,1,1.1,2,1.0,4.9,0.4,0
6,1,1,1.1,3,1.0,5.0,0.4,0
6,1,1,1.1,4,1.0,5.4,0.4,0
6,1,1,1.1,5,1.0,5.8,0.3,0
6,1,1,1.1,6,1.0,6.0,0.2,0
6,1,1,1.1,7,1.0,6.3,0.3,0
6,1,1,1.1,8,1.0,6.9,0.4,0
6,1,1,1.1,9,1.0,7.7,0.5,0
6,1,1,1.1,10,1.0,8.6,0.5,1
6,1,2,2.1,1,1.0,1.7,0.3,0
6,1,2,2.1,2,1.0,3.3,0.5,0
6,1,2,2.1,3,1.0,3.2,0.4,0
6,1,2,2.1,4,1.0,3.5,0.3,0
6,1,2,2.1,5,1.0,4.2,0.3,0
6,1,2,2.1,6,1.0,4.2,0.3,0
6,1,2,2.1,7,1.0,4.4,0.5,0
6,1,2,2.1,8,1.0,4.9,0.6,0
6,1,2,2.1,9,1.0,5.5,0.5,0
6,1,2,2.1,10,1.0,6.3,0.6,1
6,1,2,2.2,1,1.0,4.0,0.3,0
6,1,2,2.2,2,1.0,6.4,0.5,0
6,1,2,2.2,3,1.0,6.6,0.6,0
6,1,2,2.2,4,1.0,7.2,0.6,0
6,1,2,2.2,5,1.0,7.3,0.5,0
6,1,2,2.2,6,1.0,7.6,0.4,0
6,1,2,2.2,7,1.0,8.2,0.4,0
6,1,2,2.2,8,1.0,8.9,0.6,0
6,1,2,2.2,9,1.0,9.8,0.6,0
6,1,2,2.2,10,1.0,10.8,0.8,1
6,1,3,3.11,1,1.0,2.7,0.3,0
6,1,3,3.11,2,1.0,4.4,0.4,0
6,1,3,3.11,3,1.0,4.6,0.4,0
6,1,3,3.11,4,1.0,4.9,0.4,0
6,1,3,3.11,5,1.0,5.3,0.4,0
6,1,3,3.11,6,1.0,5.4,0.4,0
6,1,3,3.11,7,1.0,5.6,0.4,0
6,1,3,3.11,8,1.0,6.5,0.6,0
6,1,3,3.11,9,1.0,7.5,0.6,0
6,1,3,3.11,10,1.0,8.5,0.7,1
6,1,4,3.111,1,1.0,1.8,0.4,3
6,1,4,3.111,2,1.0,3.3,0.5,0
6,1,4,3.111,3,1.0,3.2,0.5,0
6,1,4,3.111,4,1.0,3.5,0.4,0
6,1,4,3.111,5,1.0,4.1,0.4,0
6,1,4,3.111,6,1.0,4.0,0.4,0
6,1,4,3.111,7,1.0,4.0,0.6,0
6,1,4,3.111,8,1.0,4.7,0.7,0
6,1,4,3.111,9,1.0,5.6,0.7,0
6,1,4,3.111,10,1.0,6.5,0.8,1
6,1,4,3.112,1,1.0,3.5,0.4,0
6,1,4,3.112,2,1.0,5.5,0.5,0
6,1,4,3.112,3,1.0,5.8,0.6,0
6,1,4,3.112,4,1.0,6.3,0.7,0
6,1,4,3.112,5,1.0,6.5,0.7,0
6,2,2,2.1,4,1.0,3.5,0.3,0
6,1,4,3.112,6,1.0,6.7,0.6,0
6,1,4,3.112,7,1.0,7.2,0.5,0
6,1,4,3.112,8,1.0,8.2,0.8,0
6,1,4,3.112,9,1.0,9.4,0.8,0
6,1,4,3.112,10,1.0,10.5,1.0,1
6,1,3,3.12,1,1.0,5.6,0.4,0
6,1,3,3.12,2,1.0,8.9,0.8,0
6,1,3,3.12,3,1.0,9.4,0.7,0
6,1,3,3.12,4,1.0,10.4,0.5,0
6,1,3,3.12,5,1.0,10.5,0.7,0
6,1,3,3.12,6,1.0,11.9,0.8,0
6,1,3,3.12,7,1.0,12.6,0.6,0
6,1,3,3.12,8,1.0,12.1,0.9,0
6,1,3,3.12,9,1.0,11.8,1.0,0
6,1,3,3.12,10,1.0,12.5,0.9,1
6,1,4,3.121,1,1.0,2.5,0.4,0
6,1,4,3.121,2,1.0,3.4,0.6,0
6,1,4,3.121,3,1.0,4.4,0.7,0
6,1,4,3.121,4,1.0,5.6,0.7,0
6,1,4,3.121,5,1.0,6.5,0.8,0
6,1,4,3.121,6,1.0,7.3,0.8,0
6,1,4,3.121,7,1.0,7.4,0.7,0
6,1,4,3.121,8,1.0,7.0,0.9,0
6,1,4,3.121,9,1.0,7.2,0.8,0
6,1,4,3.121,10,1.0,7.6,0.8,1
6,1,4,3.122,1,1.0,8.0,0.5,0
6,1,4,3.122,2,1.0,13.4,1.2,0
6,1,4,3.122,3,1.0,13.4,1.0,0
6,1,4,3.122,4,1.0,14.2,0.9,0
6,1,4,3.122,5,1.0,13.8,1.1,0
6,1,4,3.122,6,1.0,15.8,1.1,0
6,1,4,3.122,7,1.0,16.9,1.0,0
6,1,4,3.122,8,1.0,16.5,1.2,0
6,1,4,3.122,9,1.0,15.5,1.4,0
6,1,4,3.122,10,1.0,16.6,1.4,1
6,1,3,3.13,1,1.0,0.0,0.0,2
6,1,3,3.13,2,1.0,0.0,0.0,2
6,1,3,3.13,3,1.0,0.0,0.0,2
6,1,3,3.13,4,1.0,0.0,0.0,2
6,1,3,3.13,5,1.0,0.0,0.0,2
6,1,3,3.13,6,1.0,0.0,0.0,2
6,1,3,3.13,7,1.0,0.0,0.0,2
6,1,3,3.13,8,1.0,0.0,0.0,3
6,1,3,3.13,9,1.0,0.4,0.2,0
6,1,3,3.13,10,1.0,1.2,0.3,1
6,1,4,3.131,1,1.0,0.0,0.0,2
6,1,4,3.131,2,1.0,0.0,0.0,2
6,1,4,3.131,3,1.0,0.0,0.0,2
6,1,4,3.131,4,1.0,0.0,0.0,2
6,1,4,3.131,5,1.0,0.0,0.0,2
6,1,4,3.131,6,1.0,0.0,0.0,2
6,1,4,3.131,7,1.0,0.0,0.0,2
6,1,4,3.131,8,1.0,0.0,0.0,3
6,1,4,3.131,9,1.0,0.4,0.2,0
6,1,4,3.131,10,1.0,1.4,0.5,1
6,1,4,3.132,1,1.0,0.0,0.0,2
6,1,4,3.132,2,1.0,0.0,0.0,2
6,1,4,3.132,3,1.0,0.0,0.0,2
6,1,4,3.132,4,1.0,0.0,0.0,2
6,1,4,3.132,5,1.0,0.0,0.0,2
6,1,4,3.132,6,1.0,0.0,0.0,2
6,1,4,3.132,7,1.0,0.0,0.0,2
6,1,4,3.132,8,1.0,0.0,0.0,3
6,1,4,3.132,9,1.0,0.3,0.2,0
6,1,4,3.132,10,1.0,0.9,0.4,1
6,1,3,3.24,1,1.0,0.0,0.0,2
6,1,3,3.24,2,1.0,0.0,0.0,2
6,1,3,3.24,3,1.0,0.0,0.0,2
6,1,3,3.24,4,1.0,0.0,0.0,2
6,1,3,3.24,5,1.0,0.0,0.0,2
6,1,3,3.24,6,1.0,5.3,0.4,0
6,1,3,3.24,7,1.0,5.5,0.4,0
6,1,3,3.24,8,1.0,6.4,0.6,0
6,1,3,3.24,9,1.0,7.9,0.8,0
6,1,3,3.24,10,1.0,8.4,0.7,1
6,1,4,3.241,1,1.0,0.0,0.0,2
6,1,4,3.241,2,1.0,0.0,0.0,2
6,1,4,3.241,3,1.0,0.0,0.0,2
6,1,4,3.241,4,1.0,0.0,0.0,2
6,1,4,3.241,5,1.0,0.0,0.0,2
6,1,4,3.241,6,1.0,4.0,0.6,0
6,1,4,3.241,7,1.0,4.0,0.5,0
6,1,4,3.241,8,1.0,4.7,0.9,0
6,1,4,3.241,9,1.0,5.7,1.0,0
6,1,4,3.241,10,1.0,5.8,1.0,1
6,1,4,3.242,1,1.0,0.0,0.0,2
6,1,4,3.242,2,1.0,0.0,0.0,2
6,1,4,3.242,3,1.0,0.0,0.0,2
6,1,4,3.242,4,1.0,0.0,0.0,2
6,1,4,3.242,5,1.0,0.0,0.0,2
6,1,4,3.242,6,1.0,6.6,0.5,0
6,1,4,3.242,7,1.0,7.0,0.6,0
6,1,4,3.242,8,1.0,8.1,0.7,0
6,1,4,3.242,9,1.0,10.2,0.8,0
6,1,4,3.242,10,1.0,11.0,0.8,1
6,1,3,3.25,1,1.0,2.9,0.3,0
6,1,3,3.25,2,1.0,4.2,0.6,0
6,1,3,3.25,3,1.0,4.5,0.6,0
6,1,3,3.25,4,1.0,4.6,0.5,0
6,1,3,3.25,5,1.0,5.2,0.6,0
6,1,3,3.25,6,1.0,5.6,0.5,0
6,1,3,3.25,7,1.0,5.9,0.6,0
6,1,3,3.25,8,1.0,7.1,0.8,0
6,1,3,3.25,9,1.0,8.9,0.9,0
6,1,3,3.25,10,1.0,10.0,0.8,1
6,1,4,3.251,1,1.0,0.0,0.0,3
6,1,4,3.251,2,1.0,2.9,0.7,3
6,1,5,5.1,4,1.0,7.0,0.8,0
6,1,4,3.251,3,1.0,2.4,0.7,3
6,1,4,3.251,4,1.0,2.4,0.6,3
6,1,4,3.251,5,1.0,3.7,0.7,0
6,1,4,3.251,6,1.0,4.4,0.7,0
6,1,4,3.251,7,1.0,4.2,0.7,0
6,1,4,3.251,8,1.0,5.3,1.1,0
6,1,4,3.251,9,1.0,6.6,1.2,0
6,1,4,3.251,10,1.0,6.2,1.2,1
6,1,4,3.252,1,1.0,4.9,0.6,0
6,1,4,3.252,2,1.0,5.7,0.8,0
6,1,4,3.252,3,1.0,6.8,1.0,0
6,1,4,3.252,4,1.0,6.9,0.9,0
6,1,4,3.252,5,1.0,6.5,0.8,0
6,1,4,3.252,6,1.0,6.8,0.6,0
6,1,4,3.252,7,1.0,7.7,0.8,0
6,1,4,3.252,8,1.0,9.2,0.9,0
6,1,4,3.252,9,1.0,11.3,0.9,0
6,1,4,3.252,10,1.0,13.8,1.1,1
6,1,5,5.1,1,1.0,4.7,0.8,0
6,1,5,5.1,2,1.0,7.8,0.9,0
6,1,5,5.1,3,1.0,7.6,0.8,0
6,1,5,5.1,5,1.0,6.9,0.6,0
6,1,5,5.1,6,1.0,7.5,0.4,0
6,1,5,5.1,7,1.0,7.5,0.3,0
6,1,5,5.1,8,1.0,8.5,0.5,0
6,1,5,5.1,9,1.0,10.3,0.7,0
6,1,5,5.1,10,1.0,10.3,1.0,1
6,1,5,5.2,1,1.0,3.6,0.6,0
6,1,5,5.2,2,1.0,6.7,0.9,0
6,1,5,5.2,3,1.0,6.9,0.9,0
6,1,5,5.2,4,1.0,6.3,0.6,0
6,1,5,5.2,5,1.0,6.9,0.6,0
6,1,5,5.2,6,1.0,8.1,0.6,0
6,1,5,5.2,7,1.0,9.8,0.8,0
6,1,5,5.2,8,1.0,9.8,1.0,0
6,1,5,5.2,9,1.0,10.2,1.0,0
6,1,5,5.2,10,1.0,10.5,0.9,1
6,1,5,5.3,1,1.0,3.0,0.4,0
6,1,5,5.3,2,1.0,4.8,0.6,0
6,1,5,5.3,3,1.0,3.7,0.5,0
6,1,5,5.3,4,1.0,5.2,0.6,0
6,1,5,5.3,5,1.0,6.7,0.6,0
6,1,5,5.3,6,1.0,6.3,0.6,0
6,1,5,5.3,7,1.0,6.0,0.6,0
6,1,5,5.3,8,1.0,6.7,0.6,0
6,1,5,5.3,9,1.0,7.6,0.7,0
6,1,5,5.3,10,1.0,9.7,0.9,1
6,1,5,5.4,1,1.0,1.9,0.3,0
6,1,5,5.4,2,1.0,3.2,0.4,0
6,1,5,5.4,3,1.0,4.0,0.5,0
6,1,5,5.4,4,1.0,4.2,0.6,0
6,1,5,5.4,5,1.0,4.1,0.5,0
6,1,5,5.4,6,1.0,4.4,0.5,0
6,1,5,5.4,7,1.0,4.3,0.6,0
6,1,5,5.4,8,1.0,5.0,0.8,0
6,1,5,5.4,9,1.0,5.9,0.8,0
6,1,5,5.4,10,1.0,6.3,0.8,1
6,2,1,1.1,1,1.0,2.8,0.2,0
6,2,1,1.1,2,1.0,4.9,0.4,0
6,2,1,1.1,3,1.0,5.0,0.4,0
6,2,1,1.1,4,1.0,5.4,0.4,0
6,2,1,1.1,5,1.0,5.8,0.3,0
6,2,1,1.1,6,1.0,6.0,0.2,0
6,2,1,1.1,7,1.0,6.4,0.3,0
6,2,1,1.1,8,1.0,7.0,0.5,0
6,2,1,1.1,9,1.0,7.6,0.4,0
6,2,1,1.1,10,1.0,8.3,0.5,1
6,2,2,2.1,1,1.0,1.7,0.3,0
6,2,2,2.1,2,1.0,3.4,0.5,0
6,2,2,2.1,3,1.0,3.3,0.4,0
6,2,2,2.1,5,1.0,4.2,0.3,0
6,2,2,2.1,6,1.0,4.3,0.3,0
6,2,2,2.1,7,1.0,4.4,0.5,0
6,2,2,2.1,8,1.0,4.9,0.6,0
6,2,2,2.1,9,1.0,5.5,0.5,0
6,2,2,2.1,10,1.0,6.2,0.6,1
6,2,2,2.2,1,1.0,3.8,0.3,0
6,2,2,2.2,2,1.0,6.4,0.5,0
6,2,2,2.2,3,1.0,6.7,0.6,0
6,2,2,2.2,4,1.0,7.2,0.6,0
6,2,2,2.2,5,1.0,7.4,0.5,0
6,2,2,2.2,6,1.0,7.7,0.4,0
6,2,2,2.2,7,1.0,8.2,0.4,0
6,2,2,2.2,8,1.0,9.0,0.6,0
6,2,2,2.2,9,1.0,9.7,0.6,0
6,2,2,2.2,10,1.0,10.3,0.7,1
6,2,3,3.11,1,1.0,2.6,0.3,0
6,2,3,3.11,2,1.0,4.5,0.4,0
6,2,3,3.11,3,1.0,4.6,0.4,0
6,2,3,3.11,4,1.0,4.9,0.4,0
6,2,3,3.11,5,1.0,5.4,0.4,0
6,2,3,3.11,6,1.0,5.5,0.4,0
6,2,3,3.11,7,1.0,5.7,0.4,0
6,2,3,3.11,8,1.0,6.6,0.6,0
6,2,3,3.11,9,1.0,7.4,0.6,0
6,2,3,3.11,10,1.0,8.1,0.6,1
6,2,4,3.111,1,1.0,1.8,0.4,3
6,2,4,3.111,2,1.0,3.4,0.5,0
6,2,4,3.111,3,1.0,3.3,0.5,0
6,2,4,3.111,4,1.0,3.5,0.5,0
6,2,4,3.111,5,1.0,4.1,0.4,0
6,2,4,3.111,6,1.0,4.1,0.4,0
6,2,4,3.111,7,1.0,4.0,0.7,0
6,2,4,3.111,8,1.0,4.7,0.7,0
6,2,4,3.111,9,1.0,5.5,0.6,0
6,2,4,3.111,10,1.0,6.2,0.7,1
6,2,4,3.112,1,1.0,3.3,0.4,0
6,2,4,3.112,2,1.0,5.6,0.5,0
6,2,4,3.112,3,1.0,5.9,0.6,0
6,2,4,3.112,4,1.0,6.3,0.6,0
6,2,4,3.112,5,1.0,6.6,0.7,0
6,2,4,3.112,6,1.0,6.8,0.6,0
6,2,4,3.112,7,1.0,7.3,0.5,0
6,2,4,3.112,8,1.0,8.3,0.7,0
6,2,4,3.112,9,1.0,9.2,0.7,0
6,2,4,3.112,10,1.0,9.9,0.9,1
6,2,3,3.12,1,1.0,5.3,0.4,0
6,2,3,3.12,2,1.0,8.9,0.8,0
6,2,3,3.12,3,1.0,9.5,0.7,0
6,2,3,3.12,4,1.0,10.6,0.5,0
6,2,3,3.12,5,1.0,10.7,0.8,0
6,2,3,3.12,6,1.0,12.2,0.8,0
6,2,3,3.12,7,1.0,12.7,0.6,0
6,2,3,3.12,8,1.0,12.3,0.9,0
6,2,3,3.12,9,1.0,11.8,0.9,0
6,2,3,3.12,10,1.0,12.5,0.9,1
6,2,4,3.121,1,1.0,2.6,0.4,0
6,2,4,3.121,2,1.0,3.5,0.6,0
6,2,4,3.121,3,1.0,4.7,0.7,0
6,2,4,3.121,4,1.0,6.1,0.8,0
6,2,4,3.121,5,1.0,6.6,0.8,0
6,2,4,3.121,6,1.0,7.2,0.8,0
6,2,4,3.121,7,1.0,7.3,0.7,0
6,2,4,3.121,8,1.0,7.1,0.9,0
6,2,4,3.121,9,1.0,7.4,0.8,0
6,2,4,3.121,10,1.0,7.7,0.8,1
6,2,4,3.122,1,1.0,7.6,0.5,0
6,2,4,3.122,2,1.0,13.4,1.2,0
6,2,4,3.122,3,1.0,13.5,1.0,0
6,2,4,3.122,4,1.0,14.4,0.8,0
6,2,4,3.122,5,1.0,14.2,1.1,0
6,2,4,3.122,6,1.0,16.3,1.2,0
6,2,4,3.122,7,1.0,17.2,1.0,0
6,2,4,3.122,8,1.0,16.7,1.2,0
6,2,4,3.122,9,1.0,15.5,1.3,0
6,2,4,3.122,10,1.0,16.4,1.2,1
6,2,3,3.13,1,1.0,0.0,0.0,2
6,2,3,3.13,2,1.0,0.0,0.0,2
6,2,3,3.13,3,1.0,0.0,0.0,2
6,2,3,3.13,4,1.0,0.0,0.0,2
6,2,3,3.13,5,1.0,0.0,0.0,2
6,2,3,3.13,6,1.0,0.0,0.0,2
6,2,3,3.13,7,1.0,0.0,0.0,2
6,2,3,3.13,8,1.0,0.0,0.0,3
6,2,3,3.13,9,1.0,0.4,0.2,0
6,2,3,3.13,10,1.0,1.2,0.3,1
6,2,4,3.131,1,1.0,0.0,0.0,2
6,2,4,3.131,2,1.0,0.0,0.0,2
6,2,4,3.131,3,1.0,0.0,0.0,2
6,2,4,3.131,4,1.0,0.0,0.0,2
6,2,4,3.131,5,1.0,0.0,0.0,2
6,2,4,3.131,6,1.0,0.0,0.0,2
6,2,4,3.131,7,1.0,0.0,0.0,2
6,2,4,3.131,8,1.0,0.0,0.0,3
6,2,4,3.131,9,1.0,0.4,0.3,0
6,2,4,3.131,10,1.0,1.6,0.6,1
6,2,4,3.132,1,1.0,0.0,0.0,2
6,2,4,3.132,2,1.0,0.0,0.0,2
6,2,4,3.132,3,1.0,0.0,0.0,2
6,2,4,3.132,4,1.0,0.0,0.0,2
6,2,4,3.132,5,1.0,0.0,0.0,2
6,2,4,3.132,6,1.0,0.0,0.0,2
6,2,4,3.132,7,1.0,0.0,0.0,2
6,2,4,3.132,8,1.0,0.0,0.0,3
6,2,4,3.132,9,1.0,0.3,0.2,0
6,2,4,3.132,10,1.0,0.9,0.4,1
6,2,3,3.24,1,1.0,0.0,0.0,2
6,2,3,3.24,2,1.0,0.0,0.0,2
6,2,3,3.24,3,1.0,0.0,0.0,2
6,2,3,3.24,4,1.0,0.0,0.0,2
6,2,3,3.24,5,1.0,0.0,0.0,2
6,2,3,3.24,6,1.0,5.4,0.4,0
6,2,3,3.24,7,1.0,5.4,0.4,0
6,2,3,3.24,8,1.0,6.6,0.7,0
6,2,3,3.24,9,1.0,8.2,0.8,0
6,2,3,3.24,10,1.0,8.6,0.7,1
6,2,4,3.241,1,1.0,0.0,0.0,2
6,2,4,3.241,2,1.0,0.0,0.0,2
6,2,4,3.241,3,1.0,0.0,0.0,2
6,2,4,3.241,4,1.0,0.0,0.0,2
6,2,4,3.241,5,1.0,0.0,0.0,2
6,2,4,3.241,6,1.0,4.3,0.6,0
6,2,4,3.241,7,1.0,4.1,0.5,0
6,2,4,3.241,8,1.0,5.0,1.0,0
6,2,4,3.241,9,1.0,5.9,1.1,0
6,2,4,3.241,10,1.0,5.9,1.1,1
6,2,4,3.242,1,1.0,0.0,0.0,2
6,2,4,3.242,2,1.0,0.0,0.0,2
6,2,4,3.242,3,1.0,0.0,0.0,2
6,2,4,3.242,4,1.0,0.0,0.0,2
6,2,4,3.242,5,1.0,0.0,0.0,2
6,2,4,3.242,6,1.0,6.5,0.5,0
6,2,4,3.242,7,1.0,6.8,0.6,0
6,2,4,3.242,8,1.0,8.1,0.7,0
6,2,4,3.242,9,1.0,10.6,0.8,0
6,2,4,3.242,10,1.0,11.3,0.9,1
6,2,3,3.25,1,1.0,2.7,0.4,0
6,2,3,3.25,2,1.0,4.1,0.6,0
6,2,3,3.25,3,1.0,4.5,0.7,0
6,2,3,3.25,4,1.0,4.7,0.6,0
6,2,3,3.25,5,1.0,5.3,0.6,0
6,2,3,3.25,6,1.0,5.7,0.6,0
6,2,3,3.25,7,1.0,5.7,0.6,0
6,2,3,3.25,8,1.0,7.3,0.9,0
6,2,3,3.25,9,1.0,9.2,1.0,0
6,2,3,3.25,10,1.0,10.2,0.9,1
6,2,4,3.251,1,1.0,1.1,0.3,3
6,2,4,3.251,2,1.0,2.7,0.7,3
6,2,4,3.251,3,1.0,2.4,0.6,3
6,2,4,3.251,4,1.0,2.7,0.6,3
6,2,4,3.251,5,1.0,4.6,0.9,3
6,2,4,3.251,6,1.0,4.9,0.9,0
6,2,4,3.251,7,1.0,4.3,0.7,0
6,2,4,3.251,8,1.0,5.6,1.3,3
6,2,4,3.251,9,1.0,6.9,1.4,0
6,2,4,3.251,10,1.0,6.7,1.3,1
6,2,4,3.252,1,1.0,4.7,0.7,0
6,2,4,3.252,2,1.0,5.7,0.9,0
6,2,4,3.252,3,1.0,7.0,1.2,0
6,2,4,3.252,4,1.0,7.0,1.1,0
6,2,4,3.252,5,1.0,6.3,0.9,0
6,2,4,3.252,6,1.0,6.6,0.6,0
6,2,4,3.252,7,1.0,7.4,0.8,0
6,2,4,3.252,8,1.0,9.3,0.9,0
6,2,4,3.252,9,1.0,11.6,0.9,0
6,2,4,3.252,10,1.0,13.9,1.3,1
6,2,5,5.1,1,1.0,4.3,0.7,0
6,2,5,5.1,2,1.0,7.1,0.7,0
6,2,5,5.1,3,1.0,7.2,0.7,0
6,2,5,5.1,4,1.0,7.1,0.8,0
6,2,5,5.1,5,1.0,7.1,0.6,0
6,2,5,5.1,6,1.0,7.5,0.5,0
6,2,5,5.1,7,1.0,7.2,0.3,0
6,2,5,5.1,8,1.0,8.5,0.5,0
6,2,5,5.1,9,1.0,10.4,0.7,0
6,2,5,5.1,10,1.0,10.6,1.1,1
6,2,5,5.2,1,1.0,3.0,0.4,0
6,2,5,5.2,2,1.0,6.4,0.8,0
6,2,5,5.2,3,1.0,6.6,0.8,0
6,2,5,5.2,4,1.0,5.9,0.5,0
6,2,5,5.2,5,1.0,6.6,0.6,0
6,2,5,5.2,6,1.0,7.9,0.6,0
6,2,5,5.2,7,1.0,9.6,0.8,0
6,2,5,5.2,8,1.0,9.6,1.0,0
6,2,5,5.2,9,1.0,9.8,1.0,0
6,2,5,5.2,10,1.0,9.9,0.9,1
6,2,5,5.3,1,1.0,2.9,0.4,0
6,2,5,5.3,2,1.0,4.7,0.6,0
6,2,5,5.3,3,1.0,3.6,0.5,0
6,2,5,5.3,4,1.0,5.2,0.6,0
6,2,5,5.3,5,1.0,6.7,0.6,0
6,2,5,5.3,6,1.0,6.3,0.6,0
6,2,5,5.3,7,1.0,5.9,0.6,0
6,2,5,5.3,8,1.0,6.7,0.6,0
6,2,5,5.3,9,1.0,7.5,0.6,0
6,2,5,5.3,10,1.0,9.2,0.7,1
6,2,5,5.4,1,1.0,2.0,0.4,0
6,2,5,5.4,2,1.0,3.5,0.5,0
6,2,5,5.4,3,1.0,4.3,0.6,0
6,2,5,5.4,4,1.0,4.7,0.6,0
6,2,5,5.4,5,1.0,4.7,0.5,0
6,2,5,5.4,6,1.0,4.6,0.4,0
6,2,5,5.4,7,1.0,4.6,0.7,0
6,2,5,5.4,8,1.0,5.5,0.9,0
6,2,5,5.4,9,1.0,6.2,0.8,0
6,2,5,5.4,10,1.0,6.2,0.7,1
6,2,6,6.11,1,1.1,1.3,0.4,3
6,2,6,6.11,2,1.1,3.9,0.7,0
6,2,6,6.11,3,1.1,3.5,0.5,0
6,2,6,6.11,4,1.1,3.6,0.5,0
6,2,6,6.11,5,1.1,4.1,0.6,0
6,2,6,6.11,6,1.1,3.4,0.5,0
6,2,6,6.11,7,1.1,3.0,0.5,0
6,2,6,6.11,8,1.1,4.7,0.8,0
6,2,6,6.11,9,1.1,6.2,0.9,0
6,2,6,6.11,10,1.1,6.6,0.9,1
6,2,6,6.12,1,1.2,0.0,0.0,3
6,2,6,6.12,2,1.2,3.2,0.8,3
6,2,6,6.12,3,1.2,3.4,0.8,3
6,2,6,6.12,4,1.2,4.2,0.8,0
6,2,6,6.12,5,1.2,4.9,0.7,0
6,2,6,6.12,6,1.2,5.2,0.9,0
6,2,6,6.12,7,1.2,5.6,0.8,0
6,2,6,6.12,8,1.2,5.6,0.9,0
6,2,6,6.12,9,1.2,6.3,1.0,0
6,2,6,6.12,10,1.2,7.3,1.3,1
6,2,6,6.13,1,1.3,0.0,0.0,3
6,2,6,6.13,2,1.3,4.2,1.1,3
6,2,6,6.13,3,1.3,3.9,0.9,3
6,2,6,6.13,4,1.3,3.9,0.9,3
6,2,6,6.13,5,1.3,4.1,0.8,0
6,2,6,6.13,6,1.3,5.1,0.9,0
6,2,6,6.13,7,1.3,5.5,1.2,3
6,2,6,6.13,8,1.3,4.6,1.1,3
6,2,6,6.13,9,1.3,5.2,0.9,0
6,2,6,6.13,10,1.3,7.3,1.3,1
6,2,6,6.14,1,1.4,0.0,0.0,3
6,2,6,6.14,2,1.4,2.8,0.8,3
6,2,6,6.14,3,1.4,3.1,0.7,3
6,2,6,6.14,4,1.4,3.9,0.7,0
6,2,6,6.14,5,1.4,5.7,0.9,0
6,2,6,6.14,6,1.4,5.4,0.9,0
6,2,6,6.14,7,1.4,5.4,1.3,3
6,2,6,6.14,8,1.4,6.2,1.5,3
6,2,6,6.14,9,1.4,6.4,1.1,0
6,2,6,6.14,10,1.4,6.7,1.0,1
6,2,6,6.15,1,1.5,0.0,0.0,3
6,2,6,6.15,2,1.5,0.0,0.0,3
6,2,6,6.15,3,1.5,2.4,0.7,3
6,2,6,6.15,4,1.5,2.1,0.6,3
6,2,6,6.15,5,1.5,2.8,0.6,3
6,2,6,6.15,6,1.5,3.6,0.9,3
6,2,6,6.15,7,1.5,0.0,0.0,3
6,2,6,6.15,8,1.5,4.7,1.4,3
6,2,6,6.15,9,1.5,3.9,1.1,0
6,2,6,6.15,10,1.5,3.2,0.7,1
6,2,6,6.16,1,1.6,0.0,0.0,3
6,2,6,6.16,2,1.6,0.0,0.0,3
6,2,6,6.16,3,1.6,0.0,0.0,3
6,2,6,6.16,4,1.6,0.0,0.0,3
6,2,6,6.16,5,1.6,0.0,0.0,3
6,2,6,6.16,6,1.6,0.0,0.0,3
6,2,6,6.16,7,1.6,0.0,0.0,3
6,2,6,6.16,8,1.6,0.0,0.0,3
6,2,6,6.16,9,1.6,1.9,0.9,0
6,2,6,6.16,10,1.6,2.3,1.0,1
6,2,6,6.21,1,1.1,2.6,0.4,0
6,2,6,6.21,2,1.1,4.5,0.7,0
6,2,6,6.21,3,1.1,5.6,0.9,0
6,2,6,6.21,4,1.1,6.3,0.9,0
6,2,6,6.21,5,1.1,6.7,0.8,0
6,2,6,6.21,6,1.1,7.7,0.8,0
6,2,6,6.21,7,1.1,7.7,0.6,0
6,2,6,6.21,8,1.1,9.1,0.7,0
6,2,6,6.21,9,1.1,9.1,0.9,0
6,2,6,6.21,10,1.1,10.0,1.1,1
6,2,6,6.22,1,1.2,4.5,0.6,0
6,2,6,6.22,2,1.2,7.9,1.3,0
6,2,6,6.22,3,1.2,7.7,1.2,0
6,2,6,6.22,4,1.2,7.2,1.3,0
6,2,6,6.22,5,1.2,6.5,1.2,0
6,2,6,6.22,6,1.2,7.5,1.0,0
6,2,6,6.22,7,1.2,8.3,1.1,0
6,2,6,6.22,8,1.2,9.0,1.2,0
6,2,6,6.22,9,1.2,12.1,1.4,0
6,2,6,6.22,10,1.2,13.6,1.6,1
6,2,6,6.23,1,1.3,6.4,1.0,0
6,2,6,6.23,2,1.3,7.2,1.3,0
6,2,6,6.23,3,1.3,7.0,1.1,0
6,2,6,6.23,4,1.3,9.2,1.2,0
6,2,6,6.23,5,1.3,9.5,1.1,0
6,2,6,6.23,6,1.3,7.7,0.9,0
6,2,6,6.23,7,1.3,8.6,1.0,0
6,2,6,6.23,8,1.3,10.5,1.6,0
6,2,6,6.23,9,1.3,11.0,1.6,0
6,2,6,6.23,10,1.3,13.0,1.8,1
6,2,6,6.24,1,1.4,4.2,0.7,0
6,2,6,6.24,2,1.4,9.5,1.3,0
6,2,6,6.24,3,1.4,9.8,1.3,0
6,2,6,6.24,4,1.4,9.8,1.1,0
6,2,6,6.24,5,1.4,10.2,1.4,0
6,2,6,6.24,6,1.4,9.4,1.3,0
6,2,6,6.24,7,1.4,9.1,1.1,0
6,2,6,6.24,8,1.4,11.5,1.3,0
6,2,6,6.24,9,1.4,12.7,1.4,0
6,2,6,6.24,10,1.4,10.6,1.4,1
6,2,6,6.25,1,1.5,4.2,0.6,0
6,2,6,6.25,2,1.5,6.2,1.1,0
6,2,6,6.25,3,1.5,5.9,0.9,0
6,2,6,6.25,4,1.5,6.4,1.4,3
6,2,6,6.25,5,1.5,6.8,1.3,0
6,2,6,6.25,6,1.5,9.2,1.2,0
6,2,6,6.25,7,1.5,10.7,1.6,0
6,2,6,6.25,8,1.5,6.5,1.2,0
6,2,6,6.25,9,1.5,5.6,1.3,0
6,2,6,6.25,10,1.5,6.5,1.4,1
6,2,6,6.26,1,1.6,0.0,0.0,3
6,2,6,6.26,2,1.6,0.0,0.0,3
6,2,6,6.26,3,1.6,0.0,0.0,3
6,2,6,6.26,4,1.6,2.1,0.5,3
6,2,6,6.26,5,1.6,2.6,0.6,3
6,2,6,6.26,6,1.6,3.4,0.8,3
6,2,6,6.26,7,1.6,4.1,1.1,3
6,2,6,6.26,8,1.6,3.3,1.0,3
6,2,6,6.26,9,1.6,3.4,0.7,0
6,2,6,6.26,10,1.6,5.1,1.0,1
